i,instrumented,naive,procavg,vmavg,proc0,proc1,proc2,proc3,proc4,vm0,vm1,vm2,vm3,vm4,is even
1,167,274,313.8,41996.8,317,311,312,312,317,49856,40448,39680,40000,40000,FALSE
3,223,248,309.6,21926.4,312,308,307,306,315,21760,21824,21376,23616,21056,FALSE
5,221,258,279.4,23769.6,281,277,278,277,284,21376,22336,26240,28480,20416,FALSE
7,223,248,332.2,22809.6,330,333,332,327,339,21440,23552,24000,21824,23232,FALSE
9,223,246,290.8,25088,290,288,290,289,297,26752,28096,26240,22272,22080,FALSE
11,223,248,306.4,26368,308,304,305,305,310,23040,22400,23168,37440,25792,FALSE
13,225,251,493,22899.2,494,492,492,490,497,23296,22656,23680,22400,22464,FALSE
15,227,247,371.8,29606.4,373,371,370,369,376,24640,23936,48192,27776,23488,FALSE
17,223,251,429.4,23321.6,430,429,428,427,433,23488,23616,25664,21888,21952,FALSE
19,221,251,369.6,24358.4,368,370,369,365,376,27328,26688,21760,23808,22208,FALSE
21,223,251,347.8,22208,345,349,348,344,353,21504,22848,21760,22656,22272,FALSE
23,223,251,326.2,24678.4,324,327,327,321,332,22976,28864,23936,24320,23296,FALSE
25,223,249,487.4,23833.6,489,486,486,487,489,21760,25792,23680,24128,23808,FALSE
27,223,249,325,29081.6,324,325,326,320,330,24000,24384,23488,22976,50560,FALSE
29,221,249,332.6,24691.2,333,331,332,331,336,23104,32192,23808,21760,22592,FALSE
31,227,247,302.4,28121.6,305,300,301,301,305,23744,35136,23616,35456,22656,FALSE
33,219,261,288.8,22937.6,292,286,287,287,292,22208,21696,22528,23232,25024,FALSE
35,221,251,240.4,24947.2,242,238,239,238,245,23360,23296,30400,22976,24704,FALSE
37,225,247,289,23756.8,290,287,288,288,292,22336,23104,26752,22144,24448,FALSE
39,227,249,3706.6,24281.6,3709,3705,3704,3706,3709,25984,23040,23552,24320,24512,FALSE
41,227,251,315,24985.6,317,314,313,314,317,28928,24384,24064,24704,22848,FALSE
43,223,253,363.6,23705.6,367,360,361,363,367,23808,22720,23232,22208,26560,FALSE
45,229,249,340.2,23411.2,338,341,340,335,347,22528,23104,24640,22976,23808,FALSE
47,225,249,270.2,30169.6,270,269,270,269,273,26240,24128,23808,27904,48768,FALSE
49,221,253,204.8,24908.8,208,202,203,203,208,25792,25280,24192,24384,24896,FALSE
51,227,249,335.4,25292.8,338,335,332,331,341,28544,27456,24704,22400,23360,FALSE
53,227,253,328.2,27430.4,330,328,327,325,331,22464,42048,24832,21888,25920,FALSE
55,227,253,291.8,26752,292,289,292,290,296,35520,22912,24192,27392,23744,FALSE
57,223,249,259.6,26624,261,258,259,259,261,24576,24064,35840,24704,23936,FALSE
59,228,252,286.6,23539.2,288,285,286,286,288,23488,22016,27200,23104,21888,FALSE
61,232,252,247.6,25484.8,249,246,247,247,249,27584,26304,23552,26816,23168,FALSE
63,224,256,3716.8,25356.8,3717,3717,3715,3715,3720,23552,28800,23488,25856,25088,FALSE
65,228,250,324.6,23846.4,327,324,323,319,330,23808,25408,23488,23232,23296,FALSE
67,228,254,276.2,23052.8,276,275,276,275,279,21952,24128,22976,23360,22848,FALSE
69,224,254,361.8,25036.8,364,360,361,357,367,22080,22592,26304,23296,30912,FALSE
71,226,250,327.6,22809.6,329,327,326,324,332,22336,22272,22336,22848,24256,FALSE
73,226,252,3588.2,24345.6,3592,3585,3586,3586,3592,23424,24000,23424,25152,25728,FALSE
75,226,252,304.6,24435.2,303,305,304,305,306,21952,32128,23744,22784,21568,FALSE
77,224,256,324.4,27238.4,327,322,323,323,327,32000,24832,26752,26176,26432,FALSE
79,224,252,259.4,27200,263,255,258,258,263,25344,24384,33408,27840,25024,FALSE
81,227,257,272.4,23654.4,276,268,271,271,276,22336,22400,26816,23680,23040,FALSE
83,227,255,387.2,25305.6,387,387,388,385,389,26752,30656,22336,24320,22464,FALSE
85,223,267,349.4,24051.2,349,350,349,347,352,22976,24640,24448,23936,24256,FALSE
87,227,257,261.6,22425.6,263,260,261,261,263,22144,23616,22592,22208,21568,FALSE
89,223,259,391.6,23142.4,392,392,391,388,395,22912,22656,21632,26048,22464,FALSE
91,227,255,381.8,22553.6,385,380,380,381,383,22400,22464,22144,23424,22336,FALSE
93,227,253,307.2,22732.8,303,309,309,303,312,22656,22528,23936,22528,22016,FALSE
95,227,251,244,24256,247,240,243,243,247,26176,24512,24192,22784,23616,FALSE
97,227,251,329.4,23961.6,332,327,328,328,332,22912,22976,23872,23680,26368,FALSE
99,227,253,3669.2,26112,3670,3667,3669,3668,3672,23872,34880,24768,23360,23680,FALSE
101,228,256,269.6,29248,272,268,267,268,273,36032,24000,39552,23616,23040,FALSE
103,228,254,3568.8,24307.2,3572,3566,3567,3567,3572,23552,27392,23808,23552,23232,FALSE
105,224,264,320,24204.8,316,322,321,316,325,27456,23488,23488,22592,24000,FALSE
107,224,258,299,24960,295,301,300,295,304,24128,24000,24576,24000,28096,FALSE
109,226,258,324.2,23283.2,325,324,322,322,328,22272,23808,23424,23040,23872,FALSE
111,226,256,273.6,22617.6,278,270,271,271,278,21696,23040,20480,24768,23104,FALSE
113,222,262,285,24192,287,281,284,283,290,23872,27200,23104,23616,23168,FALSE
115,228,246,245.2,22924.8,246,244,245,245,246,24320,21952,23552,22528,22272,FALSE
117,222,254,370.2,23398.4,370,370,371,367,373,24640,22592,23168,22656,23936,FALSE
119,228,252,395.6,24563.2,395,396,395,394,398,22080,23104,21696,35456,20480,FALSE
121,224,254,313.4,24448,315,311,314,312,315,21120,25664,25408,25920,24128,FALSE
123,224,252,3311.4,25292.8,3313,3309,3312,3310,3313,30336,21824,30784,21952,21568,FALSE
125,226,254,331,22835.2,333,330,329,327,336,22720,22464,23040,22784,23168,FALSE
127,222,248,342.8,26252.8,342,342,343,342,345,29888,26240,25152,23936,26048,FALSE
129,230,252,313.4,23372.8,312,313,314,313,315,22848,22400,22848,22656,26112,FALSE
131,228,258,394.2,24256,396,394,393,391,397,24896,26752,23680,23552,22400,FALSE
133,228,252,348.8,24294.4,351,347,348,344,354,23296,23744,24256,27072,23104,FALSE
135,230,258,237.2,23987.2,238,236,237,234,241,23168,28480,23680,22016,22592,FALSE
137,226,260,386,26368,388,385,384,382,391,26816,23104,24512,24448,32960,FALSE
139,230,252,306,23372.8,306,306,305,304,309,24896,22400,24384,22528,22656,FALSE
141,228,258,317.4,28697.6,318,316,318,316,319,23680,35328,22784,39296,22400,FALSE
143,226,256,328.6,22809.6,329,327,328,326,333,21696,23104,21440,25600,22208,FALSE
145,228,254,304.4,23052.8,307,304,301,300,310,22784,22272,25728,22912,21568,FALSE
147,224,260,301.2,21568,305,298,299,299,305,22848,21120,22016,20544,21312,FALSE
149,222,270,313.6,25228.8,315,313,312,310,318,27456,24384,26176,24128,24000,FALSE
151,228,258,304.8,23884.8,308,302,303,303,308,23232,23488,24640,22592,25472,FALSE
153,224,268,294,23475.2,291,295,295,290,299,24768,24320,23040,22720,22528,FALSE
155,228,254,327.8,25190.4,328,328,326,326,331,24640,24128,26432,23424,27328,FALSE
157,228,254,298.8,21760,299,299,297,297,302,21760,21888,21632,21184,22336,FALSE
159,224,254,355.2,21900.8,359,352,353,353,359,21888,21888,21888,21312,22528,FALSE
161,220,280,304.6,23705.6,306,305,302,301,309,24640,23040,24000,23040,23808,FALSE
163,224,258,339.2,25510.4,340,340,337,339,340,22080,32256,20032,31360,21824,FALSE
165,224,256,290,23296,289,290,289,290,292,23168,22464,25536,23744,21568,FALSE
167,226,256,293.8,24832,297,291,292,292,297,26112,24704,26112,24192,23040,FALSE
169,230,252,356.4,22784,352,359,358,353,360,24192,23360,21312,23168,21888,FALSE
171,226,252,267,25574.4,268,265,266,265,271,26176,22464,33856,23744,21632,FALSE
173,226,254,320.4,25753.6,324,318,319,317,324,22016,24192,22784,37120,22656,FALSE
175,223,261,352.8,22540.8,355,352,351,351,355,21568,27712,20992,21504,20928,FALSE
177,221,281,324,23910.4,320,326,325,320,329,23872,26112,23296,23872,22400,FALSE
179,225,259,310.6,23475.2,309,311,310,311,312,22272,25216,26432,21568,21888,FALSE
181,225,255,198.2,25267.2,199,197,197,199,199,25024,22592,22272,22656,33792,FALSE
183,219,329,263,27776,265,261,262,262,265,28224,27328,27136,26880,29312,FALSE
185,231,253,295.8,28774.4,296,295,296,296,296,22976,38528,24448,34624,23296,FALSE
187,231,255,279.8,23526.4,279,279,280,279,282,21952,23360,23552,26560,22208,FALSE
189,227,259,303.8,24588.8,306,301,302,301,309,24128,27328,23680,23488,24320,FALSE
191,231,261,275.4,21529.6,281,271,272,272,281,21568,21632,21824,21888,20736,FALSE
193,229,263,322.8,24883.2,325,322,321,318,328,22592,26304,30848,22272,22400,FALSE
195,231,255,267.2,23590.4,267,266,267,266,270,23552,24192,23616,23168,23424,FALSE
197,227,261,326.4,23884.8,329,324,325,325,329,23936,22976,23296,26624,22592,FALSE
199,227,261,3236.8,23014.4,3239,3236,3235,3235,3239,24000,23232,22656,24128,21056,FALSE
201,231,257,285.6,23948.8,284,286,285,286,287,24576,23552,25536,23104,22976,FALSE
203,225,253,3323,27225.6,3327,3321,3320,3322,3325,25600,24640,24128,24256,37504,FALSE
205,223,271,324.8,28288,324,324,325,324,327,23744,27904,28992,29184,31616,FALSE
207,227,257,275.8,25804.8,271,279,277,273,279,22784,33472,21184,29952,21632,FALSE
209,229,257,241.8,23168,240,243,243,243,240,23424,23168,22080,24192,22976,FALSE
211,225,257,267.2,25753.6,267,266,267,266,270,25344,27520,27520,24512,23872,FALSE
213,233,255,330.4,23692.8,332,328,329,328,335,26176,22080,22400,25664,22144,FALSE
215,231,257,329.2,26329.6,329,329,330,326,332,25856,22592,38144,23232,21824,FALSE
217,233,253,361.6,23654.4,367,358,359,357,367,24128,22528,24064,23744,23808,FALSE
219,229,253,294.2,24115.2,295,293,294,294,295,23680,23424,24256,26688,22528,FALSE
221,229,259,321.2,22848,323,320,319,318,326,21952,25984,22656,22208,21440,FALSE
223,231,255,263,22681.6,264,261,262,261,267,23936,23104,21120,22208,23040,FALSE
225,229,253,292.8,23052.8,296,290,291,288,299,22976,23296,22656,23424,22912,FALSE
227,229,251,292,24102.4,295,290,289,291,295,24256,24640,23552,24640,23424,FALSE
229,233,255,303.2,28505.6,308,300,301,299,308,24256,32640,24000,38784,22848,FALSE
231,225,257,279.4,23744,282,277,278,278,282,23744,23488,23616,23296,24576,FALSE
233,229,253,371.2,26777.6,375,368,369,369,375,23360,22464,26944,36928,24192,FALSE
235,225,259,344.2,22899.2,347,341,342,344,347,22080,24704,21696,22464,23552,FALSE
237,227,253,298.6,30041.6,300,297,298,298,300,22784,23168,22144,56704,25408,FALSE
239,221,287,310.8,37350.4,313,310,309,309,313,23040,22080,21888,96576,23168,FALSE
241,227,257,340,39731.2,342,338,339,339,342,22272,23040,22528,107584,23232,FALSE
243,223,265,318,29017.6,317,318,317,318,320,23744,23936,23680,50176,23552,FALSE
245,225,253,311.2,35968,311,311,311,309,314,25152,22912,21888,87744,22144,FALSE
247,227,259,266.6,25689.6,269,265,264,265,270,21888,21312,22016,41088,22144,FALSE
249,225,257,3088.6,76940.8,3091,3087,3086,3088,3091,23040,22400,23104,293184,22976,FALSE
251,229,255,235.4,28326.4,237,233,234,233,240,23488,34560,23168,37248,23168,FALSE
253,233,255,258.2,23884.8,263,255,256,254,263,23680,25664,23232,24768,22080,FALSE
255,227,263,326.6,24115.2,327,326,326,324,330,23424,21184,26112,27264,22592,FALSE
257,225,261,284.6,147340.8,286,283,284,284,286,22336,21504,22592,646336,23936,FALSE
259,225,261,326.4,24435.2,329,324,325,325,329,22784,23616,20928,28032,26816,FALSE
261,227,255,271,26329.6,273,271,268,270,273,21952,21120,43456,23872,21248,FALSE
263,225,257,151,83724.8,151,151,151,151,151,22720,22784,22208,329088,21824,FALSE
265,223,259,127,26662.4,127,127,127,127,127,26752,26240,29184,26624,24512,FALSE
267,225,257,258.2,26035.2,258,257,258,257,261,28032,25728,24384,27840,24192,FALSE
269,227,259,326.4,87641.6,325,328,325,326,328,22208,21696,20864,348352,25088,FALSE
271,225,257,246.8,22336,245,248,248,248,245,20864,20992,21376,27520,20928,FALSE
273,223,253,252,26444.8,254,250,251,251,254,24960,33856,23616,25792,24000,FALSE
275,225,257,300,24614.4,302,298,299,299,302,23424,27456,23616,25344,23232,FALSE
277,229,253,261.6,81600,262,260,261,260,265,24896,22720,26432,299968,33984,FALSE
279,225,259,299.6,24588.8,301,298,299,299,301,21824,24256,25088,26112,25664,FALSE
281,221,277,323.2,25036.8,325,322,321,320,328,24576,25344,24832,26624,23808,FALSE
283,231,255,317.8,63718.4,321,315,316,316,321,23424,22272,35136,215104,22656,FALSE
285,229,259,294,22758.4,299,290,291,291,299,22400,22016,21696,24704,22976,FALSE
287,231,253,411.8,25011.2,415,409,410,410,415,22912,24192,23168,30592,24192,FALSE
289,223,271,302.2,78118.4,305,299,300,302,305,22400,24960,22912,296704,23616,FALSE
291,227,257,292,23705.6,294,290,291,291,294,21504,21312,23360,27136,25216,FALSE
293,229,255,333.6,30208,334,333,333,331,337,22784,24192,30784,38592,34688,FALSE
295,227,255,325.8,22182.4,330,323,324,322,330,23616,22464,22080,19968,22784,FALSE
297,223,253,297,28096,298,295,296,295,301,24256,37760,25152,24256,29056,FALSE
299,227,255,340.2,22041.6,340,340,340,338,343,22656,23552,21952,19840,22208,FALSE
301,225,259,309,22182.4,313,305,306,308,313,23296,24320,21952,19328,22016,FALSE
303,223,263,3067.8,22412.8,3071,3065,3066,3066,3071,23936,23104,22272,19520,23232,FALSE
305,225,257,277.8,25164.8,281,275,276,276,281,22720,25152,34112,18432,25408,FALSE
307,225,255,3093,23500.8,3098,3089,3090,3090,3098,22208,22272,28736,22400,21888,FALSE
309,223,245,267.2,26803.2,271,264,265,265,271,27136,30336,29568,21056,25920,FALSE
311,223,257,286.4,21491.2,291,284,285,281,291,23360,21696,19904,19904,22592,FALSE
313,225,253,312.8,22195.2,310,314,313,314,313,19776,21760,25536,21440,22464,FALSE
315,225,255,329.8,23654.4,335,327,326,326,335,20864,21952,21056,25728,28672,FALSE
317,223,253,294.6,21708.8,296,293,294,294,296,22912,21696,22080,20480,21376,FALSE
319,225,257,348.6,25344,348,348,348,346,353,23360,35584,24640,20224,22912,FALSE
321,221,265,431.4,22220.8,434,429,430,430,434,22336,21312,24960,19904,22592,FALSE
323,223,249,314.6,22182.4,316,313,314,314,316,23360,22976,23232,19584,21760,FALSE
325,220,330,370.2,32691.2,369,369,370,369,374,35968,35328,33344,24640,34176,FALSE
327,232,258,367.6,23654.4,368,366,367,367,370,24640,23360,22720,20416,27136,FALSE
329,232,258,300.4,26406.4,305,295,299,297,306,23424,21824,35200,22528,29056,FALSE
331,232,254,306,24422.4,307,304,305,304,310,25856,24512,27584,20096,24064,FALSE
333,228,258,404.2,21286.4,404,404,404,402,407,21376,21504,20864,20480,22208,FALSE
335,230,258,280.2,23398.4,278,281,280,275,287,22144,21952,22592,24512,25792,FALSE
337,232,256,308.8,22630.4,313,305,307,305,314,22272,24256,22208,18432,25984,FALSE
339,228,258,293.6,21619.2,292,294,293,289,300,21376,22656,21696,19840,22528,FALSE
341,230,258,300.8,25484.8,304,298,299,299,304,22208,39616,23488,20672,21440,FALSE
343,226,260,328,22694.4,328,328,329,324,331,23296,24000,23872,19904,22400,FALSE
345,230,254,359.2,22873.6,361,358,357,356,364,22528,23104,22592,20736,25408,FALSE
347,234,256,320.2,21427.2,322,319,318,320,322,22656,23040,21696,20096,19648,FALSE
349,226,268,283.4,22246.4,286,281,282,282,286,23360,23936,22784,17728,23424,FALSE
351,230,258,361.8,23091.2,362,361,360,362,364,23168,27456,22848,20096,21888,FALSE
353,230,256,317.2,23910.4,319,316,317,315,319,26176,25472,23232,20544,24128,FALSE
355,226,254,323,23270.4,325,323,320,322,325,23168,24256,23168,23104,22656,FALSE
357,226,258,401.4,21619.2,405,397,400,400,405,22208,21824,22336,19904,21824,FALSE
359,224,268,211,41382.4,213,209,210,210,213,24448,24000,23552,21888,113024,FALSE
361,236,256,346.2,52428.8,349,343,344,343,352,23168,22848,23232,19392,173504,FALSE
363,232,256,281,30592,282,279,280,279,285,23744,34240,24192,24064,46720,FALSE
365,232,256,317.6,22924.8,318,316,317,316,321,24064,24192,22656,20864,22848,FALSE
367,232,256,264,27507.2,265,262,263,262,268,35264,23104,22528,34176,22464,FALSE
369,232,256,351.4,22233.6,355,349,350,348,355,22144,22720,23104,20416,22784,FALSE
371,224,268,327.8,22643.2,328,329,326,328,328,22464,22528,23168,21696,23360,FALSE
373,224,260,310.4,23436.8,311,310,311,309,311,21952,27648,23744,19968,23872,FALSE
375,226,266,323.8,23001.6,326,323,322,319,329,22976,23104,22272,22400,24256,FALSE
377,226,266,288.2,22924.8,293,285,286,284,293,20032,25152,25408,22400,21632,FALSE
379,226,256,308.8,23616,311,308,307,304,314,22976,24768,22784,20672,26880,FALSE
381,226,262,3105.4,22566.4,3106,3105,3104,3106,3106,23168,22656,23104,20736,23168,FALSE
383,226,258,271.6,23065.6,274,270,269,271,274,23104,26304,22400,19840,23680,FALSE
385,226,256,319.8,25728,324,318,315,315,327,28352,33152,23680,19968,23488,FALSE
387,236,254,276,23667.2,278,274,275,275,278,22848,24384,27264,20352,23488,FALSE
389,232,256,364.2,21785.6,369,360,362,363,367,22208,22784,21696,20736,21504,FALSE
391,230,254,256,22310.4,261,253,254,251,261,21888,22080,22656,22464,22464,FALSE
393,232,260,274,23859.2,275,272,273,272,278,21440,23360,23168,26944,24384,FALSE
395,228,260,379.6,22860.8,383,376,377,379,383,24192,22592,24064,20864,22592,FALSE
397,228,258,322.2,23411.2,321,323,323,323,321,22272,21632,30400,21248,21504,FALSE
399,226,254,284.6,21824,286,283,284,284,286,21440,21632,21056,24000,20992,FALSE
401,232,256,291.8,23577.6,291,291,292,291,294,21568,22976,24832,21248,27264,FALSE
403,228,254,302.6,22361.6,299,304,304,299,307,21632,23936,22976,20416,22848,FALSE
405,228,254,386,25497.6,385,386,385,381,393,22336,26048,22720,22208,34176,FALSE
407,230,260,288.6,25318.4,290,287,288,288,290,24704,33536,21952,24064,22336,FALSE
409,226,260,277.8,21721.6,281,275,276,276,281,21568,23104,22336,20864,20736,FALSE
411,226,260,288.6,22361.6,293,285,286,286,293,21632,24512,22400,20992,22272,FALSE
413,224,258,300.6,24691.2,297,302,302,297,305,23616,26752,25216,22720,25152,FALSE
415,226,254,377.6,23360,382,375,375,376,380,23168,27008,22656,20160,23808,FALSE
417,230,254,277.8,22003.2,281,275,276,276,281,22528,22080,22208,20672,22528,FALSE
419,230,254,290.2,25523.2,292,289,288,287,295,22336,22592,38400,20736,23552,FALSE
421,226,256,235,22860.8,238,233,232,233,239,23168,24128,23616,19840,23552,FALSE
423,230,256,215.8,24921.6,219,213,214,214,219,21760,22016,22144,32448,26240,FALSE
425,226,256,317,22220.8,319,317,314,316,319,22592,21504,22976,21440,22592,FALSE
427,226,260,2869,24281.6,2871,2867,2868,2868,2871,22144,25280,21760,20864,31360,FALSE
429,224,256,326,23129.6,329,325,323,321,332,24128,24000,24064,18560,24896,FALSE
431,230,256,328,22067.2,332,324,325,327,332,22336,23168,20992,21312,22528,FALSE
433,222,270,308.8,27008,310,308,307,309,310,22464,22976,23104,40768,25728,FALSE
435,224,258,246.8,23641.6,246,246,247,246,249,24448,22720,23232,24448,23360,FALSE
437,226,256,243.2,24320,246,240,241,239,250,23168,29632,23168,20352,25280,FALSE
439,230,260,336.4,23283.2,339,334,335,335,339,26432,22528,23552,21120,22784,FALSE
441,230,256,277.8,25638.4,281,275,276,276,281,23552,23232,38592,20352,22464,FALSE
443,230,256,309.2,23475.2,311,308,307,306,314,24192,24192,24576,20608,23808,FALSE
445,230,256,347.2,22681.6,348,346,347,347,348,21824,23360,23680,20352,24192,FALSE
447,230,256,289,21849.6,291,289,286,288,291,21824,23232,20736,21120,22336,FALSE
449,226,256,289.6,23065.6,291,288,289,289,291,21632,27072,22784,22208,21632,FALSE
451,226,250,302.6,23180.8,305,301,300,302,305,23360,25216,23680,20288,23360,FALSE
453,224,262,329.6,22668.8,328,332,329,331,328,22272,22336,23744,21632,23360,FALSE
455,224,262,223,22387.2,228,219,220,220,228,21440,22528,22592,19840,25536,FALSE
457,224,256,279,25446.4,278,279,278,279,281,32064,24768,24640,21056,24704,FALSE
459,224,250,257.2,25766.4,261,254,255,255,261,23808,29568,25152,24640,25664,FALSE
461,220,322,335.2,26457.6,337,334,333,332,340,27776,23616,23168,33344,24384,FALSE
463,230,256,307.2,26572.8,311,304,305,305,311,24000,23232,37248,24896,23488,FALSE
465,226,260,321.4,22528,326,317,318,320,326,23488,24000,22336,19648,23168,FALSE
467,222,270,349,22707.2,352,347,346,348,352,22592,22400,22656,21696,24192,FALSE
469,222,270,322.6,23014.4,325,321,320,319,328,23232,22720,23552,22464,23104,FALSE
471,226,260,299.2,23513.6,304,296,297,295,304,22592,27456,24064,20672,22784,FALSE
473,222,258,324.4,24281.6,328,323,321,321,329,23616,27840,27456,20032,22464,FALSE
475,226,256,298.6,23270.4,303,295,296,296,303,21312,30656,21056,21056,22272,FALSE
477,220,322,266.8,20953.6,267,266,265,266,270,20480,20864,20736,21376,21312,FALSE
479,222,256,298,29504,296,298,299,297,300,47744,27392,25408,22144,24832,FALSE
481,228,254,258.8,23692.8,262,256,257,257,262,22080,25472,20288,29248,21376,FALSE
483,228,260,345.4,24204.8,346,343,344,343,351,26944,23680,27968,17984,24448,FALSE
485,228,268,3001.6,22681.6,3004,3000,3001,2999,3004,24128,21248,26880,20352,20800,FALSE
487,230,260,2965.4,22963.2,2965,2965,2966,2963,2968,23936,22720,23488,22080,22592,FALSE
489,224,286,249.8,26099.2,249,249,250,249,252,24512,26112,27520,21952,30400,FALSE
491,228,260,332,24320,335,330,331,329,335,23168,25216,24768,23040,25408,FALSE
493,228,256,3290.2,25164.8,3291,3289,3290,3288,3293,22528,29504,25088,21248,27456,FALSE
495,228,258,249.8,24422.4,250,249,250,250,250,23360,23680,28480,23168,23424,FALSE
497,228,250,229.8,23206.4,233,227,228,228,233,23488,24192,24384,20352,23616,FALSE
499,230,256,353.4,22387.2,354,353,352,351,357,23104,23808,24064,18816,22144,FALSE
501,228,262,360,24755.2,363,358,359,354,366,33152,24192,24832,18112,23488,FALSE
503,228,254,3123.8,23936,3128,3121,3122,3120,3128,25472,27072,23936,21056,22144,FALSE
505,228,252,321.6,25024,324,321,319,317,327,28736,27328,24128,19840,25088,FALSE
507,230,256,301.8,22361.6,302,303,300,302,302,22656,23424,22336,20544,22848,FALSE
509,226,256,305,22771.2,307,303,304,304,307,23680,23744,22848,19584,24000,FALSE
511,226,260,295,23104,300,291,292,292,300,22976,23104,23488,23872,22080,FALSE
513,226,252,273.4,24640,271,274,274,268,280,26048,27584,25408,20288,23872,FALSE
515,230,254,256,22144,257,254,255,254,260,26496,20864,20736,20672,21952,FALSE
517,228,260,288,40102.4,290,288,285,287,290,23040,27200,108544,19520,22208,FALSE
519,226,256,326.4,40832,328,324,325,324,331,25408,27456,93376,21888,36032,FALSE
521,226,270,3321.4,51737.6,3323,3321,3320,3319,3324,21760,36864,153792,22976,23296,FALSE
523,232,252,308.2,26265.6,304,311,309,305,312,37824,22912,27328,20160,23104,FALSE
525,226,260,271.6,25971.2,274,270,269,271,274,24896,28800,34688,17792,23680,FALSE
527,230,256,239.2,22604.8,238,242,238,240,238,23040,22656,27392,19904,20032,FALSE
529,228,258,290,22054.4,292,290,287,289,292,21888,21504,22848,23296,20736,FALSE
531,226,256,440.6,22156.8,442,439,440,437,445,22784,23488,22464,19648,22400,FALSE
533,232,252,262.6,23910.4,267,259,260,260,267,23744,24384,23296,20672,27456,FALSE
535,224,262,302.8,22886.4,301,303,303,298,309,23040,25920,21568,21120,22784,FALSE
537,226,252,113,23705.6,113,113,113,113,113,22272,25216,24768,21824,24448,FALSE
539,222,296,293,24102.4,297,289,290,292,297,23744,23488,23680,25664,23936,FALSE
541,230,256,267.6,23833.6,272,264,265,265,272,21248,23168,22144,21568,31040,FALSE
543,224,264,286.4,24396.8,285,286,287,285,289,23808,32064,23296,20096,22720,FALSE
545,230,252,262,25292.8,259,264,264,264,259,33280,24576,23552,20352,24704,FALSE
547,226,260,323.8,23270.4,322,324,324,319,330,26176,23424,22912,20672,23168,FALSE
549,226,256,274.6,25036.8,274,275,274,273,277,24768,24064,29568,21824,24960,FALSE
551,228,258,319,23001.6,319,319,318,317,322,23168,24960,23872,19648,23360,FALSE
553,232,258,261.8,21900.8,262,261,262,262,262,21824,23552,22400,19392,22336,FALSE
555,228,258,232.6,22873.6,234,231,232,232,234,22400,23552,20288,20864,27264,FALSE
557,228,258,307.4,23769.6,308,307,308,306,308,23296,28352,23168,20288,23744,FALSE
559,228,258,289.4,22592,288,289,290,289,291,22976,23232,22976,20864,22912,FALSE
561,228,260,327.4,25958.4,328,327,326,328,328,22784,27776,22720,33920,22592,FALSE
563,228,258,290,24998.4,293,288,287,289,293,22784,23936,22464,20736,35072,FALSE
565,228,258,264.4,22092.8,267,262,263,263,267,20160,21760,22208,20224,26112,FALSE
567,224,260,135,26496,135,135,135,135,135,35136,27392,22592,25600,21760,FALSE
569,224,256,246.6,21580.8,251,243,244,244,251,22336,21632,22464,19968,21504,FALSE
571,220,334,338.4,26777.6,335,340,340,334,343,27776,27072,31168,18816,29056,FALSE
573,228,254,96,23744,96,96,96,96,96,22400,24192,22528,21952,27648,FALSE
575,224,280,504.4,25932.8,509,500,502,504,507,24640,25152,37760,18240,23872,FALSE
577,226,244,3109.2,25484.8,3111,3108,3107,3106,3114,25280,24896,25472,26048,25728,FALSE
579,224,278,420.8,25280,425,418,419,417,425,22400,25088,23552,31168,24192,FALSE
581,228,268,392.6,24870.4,394,391,392,392,394,26752,26048,22784,20416,28352,FALSE
583,228,260,277,23833.6,278,275,276,274,282,23872,23552,22016,21120,28608,FALSE
585,228,262,431.6,21888,433,430,430,427,438,22400,23296,23040,19456,21248,FALSE
587,228,254,3017.8,24512,3021,3015,3016,3016,3021,25984,25920,24384,22336,23936,FALSE
589,228,256,331.4,23360,335,329,328,330,335,23104,26048,24768,20352,22528,FALSE
591,228,260,384.8,23500.8,386,384,384,381,389,27392,22208,24000,19968,23936,FALSE
593,228,254,318,23411.2,320,316,317,317,320,22912,22912,28096,20352,22784,FALSE
595,224,262,413.6,23065.6,416,410,413,413,416,22720,27008,23424,19264,22912,FALSE
597,224,268,3167.8,24729.6,3168,3169,3166,3168,3168,25920,25344,25664,21632,25088,FALSE
599,232,256,333.8,26803.2,337,331,332,332,337,23104,27456,25664,33536,24256,FALSE
601,232,252,352.6,25292.8,355,351,351,348,358,27584,28672,25600,20160,24448,FALSE
603,228,254,326.2,23948.8,327,325,324,325,330,24960,26368,25024,20224,23168,FALSE
605,228,256,301.6,24371.2,302,301,302,298,305,22208,26624,26560,20800,25664,FALSE
607,228,252,2963.8,24665.6,2967,2961,2962,2962,2967,22144,35264,22912,20736,22272,FALSE
609,224,256,321.2,25702.4,322,320,319,320,325,25984,28992,24384,21056,28096,FALSE
611,226,254,104.2,22144,103,105,105,105,103,21952,21504,22464,20352,24448,FALSE
613,222,280,2960.6,23385.6,2962,2959,2960,2960,2962,24128,25408,25152,18368,23872,FALSE
615,226,258,259.6,24947.2,260,258,259,257,264,22208,27520,27968,23872,23168,FALSE
617,226,252,247.6,24704,249,246,247,247,249,27072,26304,26304,19648,24192,FALSE
619,222,258,307.4,23833.6,308,307,306,305,311,24064,27776,24128,20928,22272,FALSE
621,226,254,168.8,21248,167,170,170,170,167,22400,20672,21120,19776,22272,FALSE
623,220,334,4966.8,23616,4972,4962,4963,4965,4972,26624,22720,22336,21696,24704,FALSE
625,224,252,4931,23718.4,4936,4928,4927,4925,4939,23104,22656,26880,23680,22272,FALSE
627,222,256,338.2,25472,337,339,338,337,340,28032,26176,26816,19648,26688,FALSE
629,224,292,265,23040,266,263,264,263,269,23744,23040,22720,21760,23936,FALSE
631,228,262,266.6,25164.8,272,261,264,264,272,22464,24128,23616,20480,35136,FALSE
633,228,266,334.4,22681.6,337,332,333,333,337,24448,23296,23168,19392,23104,FALSE
635,232,250,472.6,27481.6,476,469,471,471,476,36992,24448,25920,22784,27264,FALSE
637,226,268,3366.4,23001.6,3371,3364,3362,3366,3369,23808,22720,22272,22272,23936,FALSE
639,226,254,264,23667.2,266,262,263,263,266,24320,24320,24512,20032,25152,FALSE
641,232,262,253,22476.8,254,251,252,251,257,22720,22336,21952,21568,23808,FALSE
643,230,256,348.4,31859.2,349,348,349,347,349,22656,61696,33728,20672,20544,FALSE
645,228,258,324,21004.8,325,324,323,320,328,21952,21248,21120,19584,21120,FALSE
647,226,258,286.6,23283.2,287,285,286,285,290,23040,24000,24704,21888,22784,FALSE
649,228,256,317.4,22425.6,320,315,316,316,320,23040,23680,22720,20160,22528,FALSE
651,224,274,275.4,26048,276,275,274,276,276,24256,38912,22912,20736,23424,FALSE
653,228,258,3133.6,25318.4,3134,3134,3133,3133,3134,22208,22208,22976,20480,38720,FALSE
655,224,254,315.4,23552,316,315,316,314,316,25728,24320,23808,19712,24192,FALSE
657,226,258,3127.4,23155.2,3129,3127,3126,3126,3129,30656,22144,19584,22080,21312,FALSE
659,224,254,314,22131.2,317,312,311,313,317,23808,22912,22080,19264,22592,FALSE
661,228,262,354.2,24832,356,353,352,354,356,21376,21952,20736,32512,27584,FALSE
663,224,264,403.4,24179.2,404,401,404,404,404,22592,21888,21504,25280,29632,FALSE
665,224,270,342.4,38553.6,345,340,341,341,345,23040,93952,31872,20992,22912,FALSE
667,224,268,414.4,24806.4,415,415,414,412,416,22848,41280,20288,19136,20480,FALSE
669,222,292,307.2,23744,308,308,305,307,308,21440,25536,23104,21312,27328,FALSE
671,222,256,266.6,25024,272,261,264,264,272,26624,26432,26944,20160,24960,FALSE
673,230,256,363.6,27891.2,368,360,361,361,368,24256,41344,24832,21120,27904,FALSE
675,228,260,353.8,25356.8,357,351,352,352,357,24704,24512,23104,23168,31296,FALSE
677,232,250,274.4,24793.6,276,272,273,272,279,27520,24960,25280,20864,25344,FALSE
679,228,258,300.8,23104,301,300,301,298,304,23808,23680,26496,19520,22016,FALSE
681,228,254,346.6,25523.2,347,345,346,345,350,24000,24512,24128,30592,24384,FALSE
683,230,256,286.6,24985.6,289,285,286,284,289,27648,26176,26176,20160,24768,FALSE
685,226,256,370.2,23513.6,372,368,370,368,373,23488,23296,22656,26048,22080,FALSE
687,228,264,3049.6,23104,3049,3050,3051,3049,3049,22848,24832,24320,21568,21952,FALSE
689,228,260,367,22899.2,370,365,364,366,370,25984,24192,22464,19648,22208,FALSE
691,228,258,3025.2,22412.8,3027,3024,3025,3023,3027,21824,25792,21632,19712,23104,FALSE
693,226,258,359.4,23526.4,358,359,360,359,361,23872,27008,23488,19776,23488,FALSE
695,230,256,300.8,26508.8,304,298,299,299,304,23232,36160,25728,20672,26752,FALSE
697,222,286,348.2,24870.4,350,347,346,348,350,24384,26560,22208,24384,26816,FALSE
699,228,258,406.4,25203.2,409,404,405,405,409,26560,24576,22976,19968,31936,FALSE
701,228,250,301,27033.6,303,299,300,300,303,24256,25664,27968,32896,24384,FALSE
703,226,260,416.6,24704,418,415,416,416,418,23104,24704,22848,26816,26048,FALSE
705,224,266,282.8,23744,285,280,281,283,285,23808,27648,23168,19776,24320,FALSE
707,224,262,347.8,22937.6,348,349,346,348,348,22400,23488,22464,19840,26496,FALSE
709,224,254,317.2,22694.4,317,316,317,316,320,26560,22592,22144,20032,22144,FALSE
711,226,254,261,24179.2,263,259,260,260,263,24512,24192,28224,20480,23488,FALSE
713,226,258,399.6,23552,401,398,397,396,406,23936,23424,22720,24448,23232,FALSE
715,222,274,288.4,23603.2,291,286,287,287,291,24960,23488,24256,21248,24064,FALSE
717,224,264,443,24422.4,448,439,440,440,448,20608,34752,23616,19904,23232,FALSE
719,224,252,423,23705.6,424,421,422,424,424,22784,23232,23808,21376,27328,FALSE
721,222,268,329.4,28262.4,331,327,328,328,333,31616,26624,28096,27648,27328,FALSE
723,226,264,270.6,22348.8,272,269,270,270,272,22272,22912,22016,22720,21824,FALSE
725,228,256,260.8,24768,263,258,259,258,266,34752,23040,23680,19712,22656,FALSE
727,228,252,310.4,22988.8,309,310,311,309,313,23168,23232,24640,20736,23168,FALSE
729,230,252,405.6,22540.8,407,404,403,405,409,22016,22784,21952,20032,25920,FALSE
731,222,298,354,23129.6,356,352,353,350,359,22656,23808,22784,23744,22656,FALSE
733,228,252,168.8,22720,167,170,170,170,167,22464,22272,27200,20160,21504,FALSE
735,224,260,220,21964.8,222,218,219,219,222,23552,21888,21504,19712,23168,FALSE
737,226,256,424.4,23040,431,421,421,420,429,22976,28544,21376,20096,22208,FALSE
739,230,256,239.4,24435.2,243,237,238,236,243,22272,31488,26432,20352,21632,FALSE
741,228,256,315.2,25792,317,314,313,315,317,23232,22656,23680,36096,23296,FALSE
743,224,264,3934.6,25472,3940,3931,3932,3930,3940,24192,27456,27520,20160,28032,FALSE
745,226,258,328.2,22617.6,330,327,328,326,330,22592,21888,21696,25664,21248,FALSE
747,228,258,2976.8,23948.8,2979,2976,2975,2975,2979,33856,21312,22464,20608,21504,FALSE
749,222,274,4027,27468.8,4032,4023,4024,4024,4032,25280,33088,28736,21440,28800,FALSE
751,226,256,333.8,23398.4,329,336,336,331,337,22144,21824,20800,30016,22208,FALSE
753,224,254,303.8,22809.6,307,301,302,302,307,21824,23232,22912,20288,25792,FALSE
755,222,268,231.6,21068.8,233,230,231,231,233,22656,21824,20032,21760,19072,FALSE
757,224,258,290.6,22707.2,295,287,288,288,295,23168,23680,22912,20160,23616,FALSE
759,226,254,268,24153.6,270,268,265,267,270,23744,28352,24704,18752,25216,FALSE
761,226,254,231,23321.6,233,229,230,230,233,22720,24256,24896,20800,23936,FALSE
763,226,256,385.6,22796.8,386,384,385,384,389,22848,22912,22336,22016,23872,FALSE
765,226,260,313.4,23641.6,317,311,312,310,317,26240,23296,25792,19584,23296,FALSE
767,222,270,478.4,25062.4,481,476,477,477,481,22144,22464,27200,21376,32128,FALSE
769,226,252,382.4,21836.8,380,386,382,384,380,22720,22272,22208,21120,20864,FALSE
771,222,268,308.4,23052.8,306,310,309,308,309,22208,21056,29312,20224,22464,FALSE
773,224,256,315.2,24064,318,314,313,313,318,25792,25344,25152,20864,23168,FALSE
775,222,250,316.8,25472,317,318,315,317,317,28096,26816,27136,20672,24640,FALSE
777,234,256,340,25088,340,340,339,338,343,22912,24448,36480,18688,22912,FALSE
779,226,262,351.8,22720,355,349,350,350,355,24064,23808,23168,20224,22336,FALSE
781,228,260,281.8,22528,285,279,280,280,285,22784,27136,22080,18752,21888,FALSE
783,226,260,325,22681.6,327,323,322,323,330,22656,23616,23680,19584,23872,FALSE
785,226,254,2988,23424,2993,2984,2985,2985,2993,21056,31168,19904,20416,24576,FALSE
787,226,260,293.6,23526.4,292,296,293,295,292,23936,24192,22656,23616,23232,FALSE
789,230,258,302,24204.8,304,302,299,301,304,25600,24064,26624,22080,22656,FALSE
791,226,260,2965.6,22899.2,2967,2964,2965,2965,2967,21632,21056,20800,19840,31168,FALSE
793,226,260,312,49779.2,317,308,309,309,317,23680,25152,23232,152896,23936,FALSE
795,226,258,435.8,26419.2,442,431,432,432,442,23808,23680,22592,39552,22464,FALSE
797,222,266,287.6,23244.8,292,284,285,285,292,25600,23104,23168,21376,22976,FALSE
799,222,262,361.8,28121.6,364,360,362,359,364,26816,26240,26496,33600,27456,FALSE
801,229,259,360.4,22758.4,363,358,359,359,363,23424,23552,22592,20032,24192,FALSE
803,225,267,375.4,23603.2,377,375,374,371,380,21248,25536,23808,21696,25728,FALSE
805,231,257,174.8,24473.6,173,176,176,176,173,23424,27008,26688,21056,24192,FALSE
807,227,263,327.8,26969.6,330,327,326,326,330,23104,38784,23232,23168,26560,FALSE
809,227,267,325,21836.8,323,325,326,325,326,23104,22464,22016,20352,21248,FALSE
811,225,257,356.6,23987.2,359,355,354,353,362,23296,25472,25024,22336,23808,FALSE
813,225,263,5177.6,24921.6,5177,5178,5178,5178,5177,22848,24640,21952,20416,34752,FALSE
815,223,275,308.8,23513.6,309,308,309,309,309,23296,23616,24832,22080,23744,FALSE
817,227,257,321.2,25766.4,323,320,319,321,323,24640,23808,23680,25664,31040,FALSE
819,227,259,321.8,24614.4,321,321,322,321,324,26304,22912,22016,29824,22016,FALSE
821,223,273,377.8,21414.4,379,377,378,376,379,22528,20800,22208,19328,22208,FALSE
823,221,283,339.6,23974.4,342,338,337,336,345,23296,25024,25024,20800,25728,FALSE
825,225,263,302.4,23577.6,306,298,301,301,306,21888,25152,24960,21056,24832,FALSE
827,225,255,386.6,23744,390,383,384,386,390,22784,23296,23296,25280,24064,FALSE
829,227,257,247.2,22822.4,251,244,245,245,251,23104,22720,24640,20416,23232,FALSE
831,229,255,357,23360,362,353,354,354,362,25408,24128,23232,21376,22656,FALSE
833,227,251,309.2,23232,310,308,307,308,313,21824,23680,27776,20288,22592,FALSE
835,223,253,373.6,27660.8,375,372,373,373,375,25280,29184,24704,20800,38336,FALSE
837,223,265,294.8,22566.4,297,292,293,291,301,22912,23168,23360,20096,23296,FALSE
839,223,257,225.4,24396.8,228,223,224,224,228,24768,25088,25664,21632,24832,FALSE
841,227,257,175,24243.2,172,177,177,177,172,25152,25728,25536,18752,26048,FALSE
843,227,253,5275.4,23488,5278,5273,5272,5271,5283,25984,23424,24320,20928,22784,FALSE
845,227,249,243,21324.8,248,239,240,240,248,22400,21888,21632,19584,21120,FALSE
847,223,257,244,25241.6,245,242,243,242,248,27520,26816,27072,18496,26304,FALSE
849,229,257,211,23948.8,213,209,210,210,213,24512,23872,24064,20224,27072,FALSE
851,233,253,448,23219.2,453,444,445,445,453,23744,22912,23744,20288,25408,FALSE
853,229,253,155.8,23564.8,154,157,157,157,154,27136,23232,23104,20736,23616,FALSE
855,225,269,323.8,25024,326,322,324,324,323,24064,26944,25664,22656,25792,FALSE
857,229,253,348.6,25561.6,345,350,350,345,353,22336,27712,23232,23168,31360,FALSE
859,225,261,305.6,23513.6,306,304,305,307,306,24384,24384,23808,20736,24256,FALSE
861,229,259,399.8,24166.4,395,402,402,396,404,30528,24320,22848,19840,23296,FALSE
863,229,253,2947,22515.2,2948,2947,2946,2946,2948,22592,25216,22784,19200,22784,FALSE
865,221,289,483.4,24435.2,488,479,481,481,488,24960,24576,27968,20224,24448,FALSE
867,225,263,330.2,23462.4,330,330,331,327,333,22272,24192,22784,24256,23808,FALSE
869,229,253,5257.8,22246.4,5263,5255,5254,5254,5263,21696,22976,21760,21824,22976,FALSE
871,229,253,303.8,24128,304,305,302,304,304,23936,24512,23744,21248,27200,FALSE
873,225,257,295,22681.6,298,293,294,289,301,23680,23296,23680,20288,22464,FALSE
875,229,253,336.2,27430.4,338,335,336,334,338,30528,39744,23232,21696,21952,FALSE
877,225,257,176.2,25152,175,177,177,177,175,23040,26048,24832,26048,25792,FALSE
879,225,261,5222.6,22809.6,5224,5221,5222,5222,5224,23296,26688,22272,17920,23872,FALSE
881,225,259,439.4,25228.8,442,437,438,438,442,23040,23296,23296,34176,22336,FALSE
883,223,261,305.6,28147.2,311,300,303,303,311,39616,27648,27584,19072,26816,FALSE
885,223,261,338.2,26892.8,341,335,336,335,344,30848,27456,28352,20224,27584,FALSE
887,227,255,427,22720,431,423,426,424,431,21312,21056,25920,23808,21504,FALSE
889,221,281,330.8,25638.4,334,328,329,329,334,26560,29376,26048,21440,24768,FALSE
891,223,263,5281.6,25049.6,5287,5278,5278,5278,5287,23488,22784,36096,19264,23616,FALSE
893,223,261,278.6,26419.2,283,275,276,276,283,27264,27328,27200,19904,30400,FALSE
895,223,263,273,21440,274,271,272,271,277,22016,22976,21312,19136,21760,FALSE
897,221,275,328.6,29516.8,333,325,326,326,333,26624,38592,29248,23616,29504,FALSE
899,225,257,357.8,26547.2,361,355,356,356,361,27584,26688,31616,20736,26112,FALSE
901,223,261,455.4,24678.4,461,453,452,452,459,24192,26688,26112,20672,25728,FALSE
903,221,261,296.2,22515.2,301,293,294,292,301,23808,23488,22912,20544,21824,FALSE
905,223,253,307.4,25587.2,308,307,306,305,311,26688,27456,26176,21248,26368,FALSE
907,225,253,381.2,26598.4,383,380,380,377,386,30848,26432,27264,20800,27648,FALSE
909,221,253,311.2,22643.2,312,310,309,310,315,22528,22336,26240,20608,21504,FALSE
911,221,251,166,22899.2,166,166,166,166,166,21952,24320,24640,20672,22912,FALSE
913,221,261,415.4,25804.8,417,414,414,412,420,22976,23296,36864,22272,23616,FALSE
915,219,401,470.6,22425.6,476,467,468,466,476,22336,21760,22144,20864,25024,FALSE
917,219,401,345.2,28531.2,346,344,345,345,346,29952,30080,30528,20672,31424,FALSE
919,233,255,366.4,22502.4,365,368,367,364,368,22144,25344,21632,21568,21824,FALSE
921,237,257,392,22579.2,394,391,389,389,397,21888,26240,22400,19008,23360,FALSE
923,229,269,292.6,22144,293,291,292,291,296,21760,20416,23936,22336,22272,FALSE
925,233,255,356.8,24742.4,363,353,353,354,361,23552,23168,22272,19776,34944,FALSE
927,231,255,295.6,22220.8,294,296,295,291,302,22272,22912,22336,20608,22976,FALSE
929,233,255,309.6,23052.8,310,309,309,304,316,22272,22528,28608,19712,22144,FALSE
931,229,257,354.6,52057.6,356,353,354,354,356,21440,22784,171264,23616,21184,FALSE
933,231,257,289.2,26240,293,286,287,287,293,20352,25536,43584,20224,21504,FALSE
935,231,255,1451.8,24217.6,1455,1449,1450,1450,1455,21952,22592,33408,20544,22592,FALSE
937,231,255,231,23142.4,232,229,230,229,235,21760,22080,24704,20672,26496,FALSE
939,231,255,318,22668.8,320,316,315,314,325,25216,21824,22464,22400,21440,FALSE
941,229,259,304.8,24665.6,307,302,303,301,311,23040,32064,26688,19968,21568,FALSE
943,231,257,323,22937.6,325,323,320,322,325,22656,25792,22976,20864,22400,FALSE
945,227,261,342.4,21209.6,346,340,341,339,346,23168,20736,21184,19584,21376,FALSE
947,225,271,369.8,23590.4,367,371,370,366,375,22848,21760,22080,20480,30784,FALSE
949,231,257,282.8,22681.6,282,282,283,282,285,22272,26304,22912,20096,21824,FALSE
951,227,259,205.8,21619.2,209,203,204,204,209,22848,20096,22784,20416,21952,FALSE
953,229,265,301,23040,302,299,300,299,305,22528,20672,21824,28608,21568,FALSE
955,229,255,281.2,21324.8,285,278,279,279,285,22464,20288,21568,20544,21760,FALSE
957,225,267,326.2,24102.4,326,326,326,324,329,21504,21504,34880,21312,21312,FALSE
959,229,259,298,21363.2,300,298,295,297,300,20992,22080,21824,20416,21504,FALSE
961,227,257,330.8,22412.8,337,327,327,328,335,21824,25088,22848,19776,22528,FALSE
963,231,255,1565.2,23347.2,1567,1564,1563,1565,1567,22400,22976,28928,20224,22208,FALSE
965,227,261,283,22720,282,283,282,283,285,21248,24576,22592,23488,21696,FALSE
967,227,255,266.4,23513.6,266,266,267,267,266,24128,23360,24896,20736,24448,FALSE
969,233,259,332,24793.6,333,330,331,330,336,20672,22592,22912,19712,38080,FALSE
971,229,263,299.6,21670.4,301,298,299,296,304,21376,22592,23104,20224,21056,FALSE
973,227,271,270.4,27968,270,270,271,271,270,38400,23808,31872,20992,24768,FALSE
975,233,261,285.2,22451.2,283,286,285,280,292,21568,22144,21952,23360,23232,FALSE
977,229,261,360.2,24588.8,364,357,358,358,364,36736,21568,22016,19264,23360,FALSE
979,229,259,357,24704,357,357,356,355,360,22336,23680,31360,20480,25664,FALSE
981,227,259,454.6,21120,455,453,454,454,457,22016,21184,22208,19264,20928,FALSE
983,229,261,284,21516.8,286,282,283,283,286,21696,21184,21312,19840,23552,FALSE
985,229,261,378.8,21734.4,379,379,377,377,382,21952,22592,22080,19840,22208,FALSE
987,229,255,292.8,22438.4,293,293,291,291,296,21632,23104,24000,21568,21888,FALSE
989,231,257,396.8,21235.2,394,398,397,393,402,20864,21760,22144,20672,20736,FALSE
991,231,261,336.4,25664,335,338,335,336,338,22272,23168,23744,20224,38912,FALSE
993,227,261,265.4,21478.4,268,263,264,264,268,22912,21632,20928,20160,21760,FALSE
995,223,277,378.6,26803.2,382,376,377,373,385,37376,26112,25728,20928,23872,FALSE
997,231,255,337.2,22720,339,336,335,334,342,22784,25536,22976,19968,22336,FALSE
999,227,261,364.8,21504,364,365,363,363,369,22400,20864,22592,20224,21440,FALSE
1001,227,259,355.2,25523.2,359,355,351,354,357,22016,23424,33664,23104,25408,FALSE
1003,231,257,251.2,21824,256,246,249,249,256,23168,22528,22080,18880,22464,FALSE
1005,227,263,267.4,23193.6,271,263,266,266,271,27264,21824,25024,19648,22208,FALSE
1007,227,263,331.6,22092.8,334,330,329,331,334,23744,21760,22144,19648,23168,FALSE
1009,227,257,270.8,23884.8,274,268,269,269,274,20992,22208,21056,33472,21696,FALSE
1011,225,257,279.6,26227.2,284,276,277,277,284,25280,27584,25600,26560,26112,FALSE
1013,231,257,313.4,23065.6,312,313,314,313,315,22080,21248,21952,19072,30976,FALSE
1015,227,255,287.8,22220.8,288,287,286,287,291,23424,22592,21696,20736,22656,FALSE
1017,227,255,251,23219.2,253,249,250,250,253,24064,24704,23488,19584,24256,FALSE
1019,227,259,295,22412.8,300,291,292,292,300,23040,23424,24064,19712,21824,FALSE
1021,231,255,293.2,22272,293,292,293,292,296,24704,21632,22080,20544,22400,FALSE
1023,227,261,332.8,26380.8,336,330,331,331,336,25024,26112,34304,20608,25856,FALSE
1025,223,281,218.8,24204.8,222,216,217,217,222,27328,23680,23552,21888,24576,FALSE
1027,225,263,275.8,25664,280,273,274,272,280,21248,22656,46144,17664,20608,FALSE
1029,225,263,284.6,23872,289,281,282,282,289,22528,21888,21952,31488,21504,FALSE
1031,225,257,1547.6,25804.8,1551,1545,1545,1543,1554,23744,37504,24448,20416,22912,FALSE
1033,229,249,360.8,22860.8,364,359,358,356,367,24384,24576,24704,18176,22464,FALSE
1035,227,259,167.6,21273.6,161,172,172,164,169,21952,21568,21760,20288,20800,FALSE
1037,227,255,242.8,23065.6,236,247,247,240,244,27456,21824,26304,18944,20800,FALSE
1039,225,251,343.2,22323.2,343,342,343,342,346,22528,23168,23488,20224,22208,FALSE
1041,227,261,342.4,22476.8,346,340,341,339,346,22400,25152,21952,21056,21824,FALSE
1043,227,255,304.2,21568,309,299,302,302,309,22656,20800,22784,19712,21888,FALSE
1045,223,259,304.6,25088,306,304,303,304,306,21888,23232,35072,19456,25792,FALSE
1047,225,259,285.6,22080,279,290,288,284,287,21952,22336,22784,20352,22976,FALSE
1049,225,255,1146.4,28800,1147,1146,1145,1147,1147,22656,21888,22336,54080,23040,FALSE
1051,229,249,1106.6,34419.2,1100,1111,1109,1105,1108,22016,22144,22144,82944,22848,FALSE
1053,223,249,1182.8,32486.4,1184,1184,1181,1183,1182,20928,30592,22464,66624,21824,FALSE
1055,221,339,245.8,34035.2,249,243,244,244,249,27328,27520,27264,60992,27072,FALSE
1057,233,257,345.2,21465.6,346,344,343,345,348,21824,21120,21760,20864,21760,FALSE
1059,233,257,295.8,24729.6,294,296,296,291,302,26432,21824,22336,20736,32320,FALSE
1061,229,255,322.2,21670.4,326,319,320,320,326,22592,20800,22528,21056,21376,FALSE
1063,225,271,307.2,23808,305,308,307,309,307,33600,24000,20736,20352,20352,FALSE
1065,227,261,246,21580.8,248,244,245,242,251,23232,21184,21376,20096,22016,FALSE
1067,229,261,194.6,24140.8,194,195,195,195,194,22144,22592,33984,19392,22592,FALSE
1069,229,259,434,24499.2,437,432,431,433,437,24896,20352,24448,32384,20416,FALSE
1071,231,255,289,20902.4,286,293,289,291,286,21952,21504,20928,19648,20480,FALSE
1073,229,259,353,20928,353,353,352,354,353,21440,20928,20608,20416,21248,FALSE
1075,227,255,289,22566.4,291,288,286,286,294,23232,23232,22592,20032,23744,FALSE
1077,235,257,373,23014.4,372,373,372,368,380,21888,21504,22464,22848,26368,FALSE
1079,231,257,327.2,29184,331,324,325,325,331,21184,20864,23936,19968,59968,FALSE
1081,225,271,295.8,23193.6,298,295,292,293,301,21376,19264,20544,20608,34176,FALSE
1083,227,261,351.2,21491.2,355,350,347,348,356,22144,22592,20928,19968,21824,FALSE
1085,227,261,350.6,23833.6,355,347,348,348,355,30464,24704,20672,22784,20544,FALSE
1087,225,257,286,24460.8,288,285,283,283,291,23488,23040,22976,29952,22848,FALSE
1089,229,261,294,20556.8,291,298,294,296,291,21376,21184,19264,19776,21184,FALSE
1091,229,259,215.2,24729.6,214,216,216,216,214,25344,22208,32896,21824,21376,FALSE
1093,223,267,277.4,21798.4,282,272,276,274,283,22208,21440,22400,20288,22656,FALSE
1095,229,255,338,21811.2,339,338,335,336,342,23104,22080,21440,20288,22144,FALSE
1097,233,255,296.6,22361.6,297,297,294,295,300,22144,24192,23296,19712,22464,FALSE
1099,225,255,264.4,21670.4,267,262,263,263,267,21248,21760,20032,19584,25728,FALSE
1101,225,261,246,21260.8,246,246,245,247,246,21632,22976,20608,17984,23104,FALSE
1103,229,255,308.2,24204.8,310,307,306,308,310,21184,22848,23616,23360,30016,FALSE
1105,227,255,316.8,21145.6,314,318,317,318,317,21440,21824,20224,20288,21952,FALSE
1107,227,255,270.6,23321.6,275,267,268,268,275,34560,20544,20544,20224,20736,FALSE
1109,221,283,296.8,23948.8,301,296,291,294,302,26944,23616,24704,19584,24896,FALSE
1111,233,255,255.6,21939.2,260,252,253,253,260,22336,22208,22720,20352,22080,FALSE
1113,229,255,386.8,24204.8,390,384,385,385,390,22656,21184,34496,19520,23168,FALSE
1115,229,255,311.8,21785.6,312,313,310,312,312,20544,20928,25024,20608,21824,FALSE
1117,225,267,335.4,23705.6,338,333,334,331,341,22656,24000,23488,23872,24512,FALSE
1119,229,263,261.6,22732.8,266,258,259,259,266,23616,25920,22976,18496,22656,FALSE
1121,233,259,340,21299.2,342,338,339,336,345,22144,19648,20928,18880,24896,FALSE
1123,231,257,233.8,21235.2,237,231,232,232,237,24768,20736,20864,19008,20800,FALSE
1125,229,263,282.2,24576,287,277,280,280,287,21696,21504,25216,20416,34048,FALSE
1127,225,269,284.8,23040,288,282,283,283,288,20928,22080,22272,27968,21952,FALSE
1129,229,257,268,21324.8,271,266,267,265,271,21568,22144,20992,20032,21888,FALSE
1131,227,257,268.2,23334.4,268,267,268,267,271,25472,23424,22848,19136,25792,FALSE
1133,229,261,295.2,22566.4,300,292,293,291,300,22720,21888,22528,24064,21632,FALSE
1135,225,265,325.8,21913.6,326,326,324,324,329,23168,22080,22080,20672,21568,FALSE
1137,225,259,1546.8,25305.6,1552,1542,1544,1544,1552,24064,27648,26816,19328,28672,FALSE
1139,227,267,384.6,24012.8,384,385,384,383,387,22656,26432,22528,26176,22272,FALSE
1141,231,259,387.8,22912,392,385,386,384,392,22016,25792,20544,21056,25152,FALSE
1143,229,265,320.6,21043.2,322,319,320,320,322,21824,20672,20992,20288,21440,FALSE
1145,231,259,327,27788.8,328,326,326,324,331,25728,35072,21824,32640,23680,FALSE
1147,227,263,893.2,24115.2,896,892,891,891,896,20480,21952,25280,19264,33600,FALSE
1149,225,263,258.6,21836.8,261,257,256,258,261,22912,22208,22464,20032,21568,FALSE
1151,231,259,279.2,22028.8,283,276,277,277,283,22272,21824,22144,22528,21376,FALSE
1153,227,261,294.6,22604.8,296,293,294,294,296,21696,22720,22784,19200,26624,FALSE
1155,227,263,279.2,21670.4,279,278,279,278,282,21440,22656,22400,20352,21504,FALSE
1157,227,259,312.4,22310.4,313,312,311,313,313,23104,21696,22144,21952,22656,FALSE
1159,225,267,285.2,21260.8,285,284,285,284,288,21632,20928,21376,21056,21312,FALSE
1161,227,261,260.8,22694.4,261,260,261,261,261,23552,22656,20992,23168,23104,FALSE
1163,225,263,316.2,22912,318,315,314,314,320,23232,22912,21824,20544,26048,FALSE
1165,223,259,250.6,24128,255,247,248,248,255,23168,22912,22464,31104,20992,FALSE
1167,227,257,333.8,21836.8,337,331,332,332,337,26368,20032,21120,20416,21248,FALSE
1169,225,259,300.2,24192,305,297,298,296,305,21760,22592,26304,19392,30912,FALSE
1171,223,253,246,23590.4,247,244,245,244,250,24192,25664,23936,20160,24000,FALSE
1173,227,263,344.6,21068.8,346,343,342,341,351,22528,21312,21440,18560,21504,FALSE
1175,227,261,239.2,21184,238,242,238,240,238,21632,21504,21504,19904,21376,FALSE
1177,227,259,680.6,22899.2,682,679,680,680,682,26816,20864,23104,20480,23232,FALSE
1179,227,263,196,21312,196,196,196,196,196,22336,21824,22144,19904,20352,FALSE
1181,227,263,294,24115.2,296,294,291,293,296,22976,23808,31232,20032,22528,FALSE
1183,231,259,304.6,20787.2,307,303,302,304,307,21824,21568,20480,20160,19904,FALSE
1185,225,265,331.2,21196.8,336,328,329,327,336,22400,19840,22400,19840,21504,FALSE
1187,227,259,173.8,22566.4,172,175,175,175,172,21824,24576,21888,21248,23296,FALSE
1189,227,259,279.4,21580.8,284,275,276,278,284,22592,21760,22208,19968,21376,FALSE
1191,223,263,595,22451.2,600,591,592,592,600,23232,23104,21760,20928,23232,FALSE
1193,221,279,274.8,21043.2,278,272,273,273,278,21184,22144,22848,17408,21632,FALSE
1195,223,263,268.2,20620.8,273,265,266,264,273,21952,20096,20992,19456,20608,FALSE
1197,225,261,528.6,23680,533,525,526,526,533,31680,24320,20672,19904,21824,FALSE
1199,227,257,323.2,25497.6,325,322,321,323,325,23488,23680,23488,32768,24064,FALSE
1201,223,251,318,23321.6,318,318,317,316,321,22656,23104,28544,20352,21952,FALSE
1203,229,257,331.8,23756.8,332,331,332,332,332,21888,22592,33024,19648,21632,FALSE
1205,223,267,332,21606.4,331,334,331,333,331,21696,23232,21952,17920,23232,FALSE
1207,223,261,300.6,24332.8,303,299,298,300,303,24256,23232,22528,24448,27200,FALSE
1209,225,267,370.6,21465.6,373,369,368,367,376,21440,21504,22400,19776,22208,FALSE
1211,225,267,316.8,21056,320,314,315,315,320,21504,21312,21568,19840,21056,FALSE
1213,227,259,282,20902.4,287,278,279,279,287,21120,21632,20800,19776,21184,FALSE
1215,229,255,293.4,22400,297,291,292,290,297,22720,22592,22912,20544,23232,FALSE
1217,225,263,278.6,22835.2,283,275,276,276,283,21504,21952,22464,22912,25344,FALSE
1219,221,275,317.2,22566.4,319,316,315,314,322,22848,24320,22784,20096,22784,FALSE
1221,225,263,375,21708.8,374,375,374,376,376,21952,22464,23040,19776,21312,FALSE
1223,221,275,298.6,23987.2,301,297,296,298,301,23808,24192,27392,19648,24896,FALSE
1225,225,263,672.4,21644.8,676,670,671,669,676,22592,21568,20800,20352,22912,FALSE
1227,225,257,565.2,21747.2,569,562,563,563,569,21376,23168,22144,19712,22336,FALSE
1229,229,259,280.8,22169.6,284,278,279,279,284,21824,20992,22976,21248,23808,FALSE
1231,225,259,304.6,23052.8,306,303,304,304,306,24000,23296,24064,20544,23360,FALSE
1233,227,257,216,21913.6,213,220,216,218,213,23232,22720,21056,20224,22336,FALSE
1235,227,253,249.4,20838.4,252,247,248,248,252,21056,21056,21056,20224,20800,FALSE
1237,227,253,345,24422.4,344,345,344,345,347,21312,35328,22976,19840,22656,FALSE
1239,225,251,290.4,24332.8,292,288,289,287,296,24064,25920,25536,19904,26240,FALSE
1241,227,251,186.4,25280,187,186,186,186,187,32128,21824,19904,32896,19648,FALSE
1243,227,251,442.2,22284.8,441,445,441,443,441,24128,21120,22080,23104,20992,FALSE
1245,221,271,312.4,21516.8,313,312,311,313,313,22272,21504,23744,18560,21504,FALSE
1247,227,257,365.6,20697.6,368,364,365,363,368,19712,20416,21440,19136,22784,FALSE
1249,221,267,246.2,23961.6,250,243,244,244,250,21888,23936,31616,20480,21888,FALSE
1251,223,259,389.6,23270.4,390,389,390,386,393,22720,25408,23040,22464,22720,FALSE
1253,225,255,415.4,21440,417,415,415,411,419,22592,21440,22016,19456,21696,FALSE
1255,223,251,296.4,22131.2,298,294,295,297,298,25024,22208,21184,20160,22080,FALSE
1257,221,267,294.8,23449.6,298,292,293,293,298,24128,23296,27200,19904,22720,FALSE
1259,225,255,2385.8,23936,2389,2383,2384,2384,2389,20736,21952,22208,32640,22144,FALSE
1261,227,253,341.8,21465.6,344,339,340,339,347,20992,19392,20864,23936,22144,FALSE
1263,225,253,2568.2,21900.8,2572,2565,2566,2566,2572,22656,22912,21120,21632,21184,FALSE
1265,225,249,142.4,21964.8,143,142,142,142,143,24192,22720,22912,19456,20544,FALSE
1267,221,251,2588.6,22617.6,2590,2585,2588,2586,2594,22400,22912,21952,22528,23296,FALSE
1269,223,251,266.4,27200,266,266,267,267,266,29056,28160,33344,17088,28352,FALSE
1271,233,257,338.6,22054.4,339,339,336,337,342,22080,21760,20800,23488,22144,FALSE
1273,229,261,285,25433.6,282,286,286,281,290,22848,26176,34624,21376,22144,FALSE
1275,229,255,332.4,21888,333,332,331,333,333,22016,21824,23168,19904,22528,FALSE
1277,233,257,311.2,22387.2,314,308,309,311,314,25216,21504,21824,21248,22144,FALSE
1279,225,269,237.6,22976,239,236,237,234,242,22336,22528,19648,28672,21696,FALSE
1281,229,259,181.2,27059.2,180,182,182,182,180,21312,33600,25600,21440,33344,FALSE
1283,227,255,330.8,22028.8,331,332,329,331,331,21952,22400,22592,21312,21888,FALSE
1285,227,259,266.6,19968,266,267,267,267,266,20416,21312,19200,19200,19712,FALSE
1287,229,257,337.2,21619.2,336,338,337,336,339,22144,22208,22720,19328,21696,FALSE
1289,227,255,305,21414.4,306,305,302,303,309,22208,22912,20992,20864,20096,FALSE
1291,227,261,270.6,21606.4,275,267,268,268,275,22080,22528,21760,20224,21440,FALSE
1293,227,257,284,21324.8,285,282,283,282,288,22080,21184,21888,19840,21632,FALSE
1295,227,259,323.8,21145.6,325,323,322,324,325,21824,21760,21888,18688,21568,FALSE
1297,223,271,269.2,26560,265,271,271,265,274,21952,21696,31680,34816,22656,FALSE
1299,227,255,284.8,21184,288,282,283,283,288,21440,21248,22080,19008,22144,FALSE
1301,223,269,287.8,21107.2,291,285,286,286,291,21760,20736,21696,20736,20608,FALSE
1303,225,259,346.8,25702.4,342,349,349,344,350,24320,36224,27392,19136,21440,FALSE
1305,233,257,359.4,22553.6,363,357,356,358,363,23488,25664,21696,19136,22784,FALSE
1307,225,267,354,22553.6,353,356,353,355,353,22080,21568,21824,22912,24384,FALSE
1309,225,267,340.8,22604.8,343,338,339,341,343,26112,22976,22080,18944,22912,FALSE
1311,225,267,325.8,22105.6,326,327,324,326,326,22784,22912,21696,20480,22656,FALSE
1313,225,263,722.4,22387.2,725,720,721,721,725,23168,22592,21952,21248,22976,FALSE
1315,229,257,289,21888,291,287,288,288,291,21248,21760,21568,19392,25472,FALSE
1317,225,259,329,22348.8,331,327,328,328,331,21440,22848,21632,23680,22144,FALSE
1319,231,257,301,23756.8,301,301,300,299,304,21376,22400,33600,19712,21696,FALSE
1321,227,257,293.8,21593.6,296,293,292,289,299,22528,22272,21568,19264,22336,FALSE
1323,227,257,292.2,21414.4,294,291,290,289,297,20608,21632,21376,22208,21248,FALSE
1325,227,257,616.6,24102.4,619,615,616,614,619,22400,32256,22976,19904,22976,FALSE
1327,223,257,231,21926.4,233,229,230,230,233,22400,22656,22592,20608,21376,FALSE
1329,223,259,275.2,23398.4,280,270,273,273,280,24192,24384,23936,20800,23680,FALSE
1331,229,261,264.4,22220.8,266,262,263,262,269,24192,21440,23936,20736,20800,FALSE
1333,233,255,288.2,21324.8,289,287,286,288,291,20736,21824,23680,19584,20800,FALSE
1335,227,259,309.8,22988.8,304,313,312,307,313,22720,22144,26240,22848,20992,FALSE
1337,229,261,300,20851.2,302,299,297,297,305,21568,20800,21120,19520,21248,FALSE
1339,229,259,256.4,20851.2,259,254,255,255,259,20288,21632,21440,19584,21312,FALSE
1341,225,265,439,23296,444,435,436,436,444,21312,22016,30720,20480,21952,FALSE
1343,223,273,286.4,27558.4,285,286,287,286,288,25408,20608,22464,20480,48832,FALSE
1345,233,255,323.6,27340.8,325,322,323,323,325,21824,21952,21824,20096,51008,FALSE
1347,229,257,371.6,30259.2,376,368,369,369,376,21056,20992,20032,21376,67840,FALSE
1349,227,255,386,30579.2,385,386,385,381,393,23552,26624,23424,21696,57600,FALSE
1351,231,261,339.4,29811.2,338,341,338,340,340,20992,21440,22848,19328,64448,FALSE
1353,227,261,344,31104,345,342,343,342,348,23680,22144,21760,23040,64896,FALSE
1355,227,255,308.8,29440,309,310,307,309,309,33280,22400,21568,28224,41728,FALSE
1357,225,255,272.8,22054.4,273,272,271,272,276,21824,22528,21568,21504,22848,FALSE
1359,227,255,285,23577.6,287,283,284,284,287,28480,21568,22272,19968,25600,FALSE
1361,227,255,352.4,21555.2,353,352,351,353,353,22144,21440,22016,20544,21632,FALSE
1363,223,271,210.8,24166.4,214,208,209,209,214,21504,22912,34240,19968,22208,FALSE
1365,227,257,318.2,21619.2,323,315,316,314,323,23296,22208,21440,19008,22144,FALSE
1367,227,263,282.6,21606.4,287,279,280,280,287,20992,21184,24384,19840,21632,FALSE
1369,223,263,540,20851.2,545,536,537,537,545,21056,21568,21312,19264,21056,FALSE
1371,227,257,646,20710.4,650,644,643,643,650,18752,21248,21056,22464,20032,FALSE
1373,225,259,327.2,26700.8,329,326,325,324,332,23872,25536,24896,33152,26048,FALSE
1375,227,259,277,21478.4,280,275,274,276,280,21696,21696,22336,21184,20480,FALSE
1377,227,257,349.6,20556.8,352,348,347,349,352,21568,20288,20352,19968,20608,FALSE
1379,221,271,318.2,24281.6,323,315,316,314,323,25728,25664,24192,20480,25344,FALSE
1381,223,271,350.6,23846.4,351,350,350,348,354,22720,26944,23168,21120,25280,FALSE
1383,227,261,363.2,22246.4,362,363,363,358,370,23040,22016,22720,21440,22016,FALSE
1385,231,257,382.8,21606.4,383,383,383,379,386,23168,22208,21120,19392,22144,FALSE
1387,227,257,332,22246.4,334,332,329,331,334,22144,23232,22336,20096,23424,FALSE
1389,227,257,283.6,22860.8,288,280,281,281,288,20928,22208,25280,24000,21888,FALSE
1391,227,259,286,21593.6,289,284,283,285,289,22144,20928,22464,20544,21888,FALSE
1393,223,263,293.6,26726.4,298,290,291,291,298,21632,35328,21760,32768,22144,FALSE
1395,223,259,318.2,23923.2,323,315,316,314,323,22784,25472,25408,19904,26048,FALSE
1397,225,261,259.6,20416,264,256,257,257,264,20928,19008,21696,19904,20544,FALSE
1399,221,263,299.6,22246.4,302,298,299,297,302,20608,22272,21888,23168,23296,FALSE
1401,225,257,274,24563.2,275,272,273,272,278,25408,26112,25856,20224,25216,FALSE
1403,223,253,340.8,24704,342,340,339,341,342,23616,26048,26176,20800,26880,FALSE
1405,231,251,238.2,20966.4,231,243,241,237,239,21184,21952,20352,19200,22144,FALSE
1407,223,261,325.4,20172.8,327,323,324,323,330,20416,20416,20672,19072,20288,FALSE
1409,221,271,296.2,24960,298,295,294,293,301,26048,22656,22784,31168,22144,FALSE
1411,231,257,269.8,21657.6,273,267,268,268,273,21696,22080,21632,20544,22336,FALSE
1413,227,251,312.6,21811.2,312,313,312,314,312,22336,22080,22272,20672,21696,FALSE
1415,223,263,247.6,22387.2,252,244,245,245,252,21440,25728,21824,21120,21824,FALSE
1417,227,257,261.4,33612.8,264,259,260,260,264,21760,69824,22528,20352,33600,FALSE
1419,227,257,360.6,27609.6,362,359,360,360,362,21120,54016,21056,21120,20736,FALSE
1421,223,259,247.6,30502.4,249,246,247,247,249,22592,60608,26688,20224,22400,FALSE
1423,223,257,240.2,33676.8,239,243,239,241,239,23040,79296,22720,20480,22848,FALSE
1425,223,259,357.6,24844.8,359,356,357,357,359,19712,43648,20096,18816,21952,FALSE
1427,225,251,366.2,29107.2,368,365,366,364,368,21888,53888,24064,23552,22144,FALSE
1429,223,257,144.8,25804.8,143,146,146,146,143,22848,41536,22720,21504,20416,FALSE
1431,221,257,226,24192,226,226,226,226,226,23168,21120,21376,34816,20480,FALSE
1433,223,247,349.8,29260.8,352,347,350,348,352,28544,29952,34048,23360,30400,FALSE
1435,229,261,696.8,22144,699,696,695,695,699,21312,22464,22400,22976,21568,FALSE
1437,233,257,314.6,24332.8,319,311,312,312,319,22976,27328,22912,24512,23936,FALSE
1439,233,251,296.4,24819.2,299,294,295,295,299,22464,35008,22656,20864,23104,FALSE
1441,227,267,303,21862.4,303,303,302,301,306,21760,22656,22016,20800,22080,FALSE
1443,229,255,270.6,22105.6,272,269,270,270,272,21632,21824,26176,20224,20672,FALSE
1445,227,261,250.8,20697.6,254,248,249,249,254,19584,21760,21120,19776,21248,FALSE
1447,225,257,257.2,24614.4,257,256,257,256,260,31296,20800,20800,24832,25344,FALSE
1449,227,259,835.2,21785.6,837,834,833,835,837,22272,21440,21568,18944,24704,FALSE
1451,225,255,262.4,22220.8,265,260,261,261,265,21312,22720,23232,20736,23104,FALSE
1453,225,261,236.8,22080,235,238,238,238,235,22208,21824,22336,22016,22016,FALSE
1455,227,261,390.6,21593.6,393,387,390,390,393,22720,21440,21696,19840,22272,FALSE
1457,225,269,391.6,24179.2,393,390,391,391,393,21696,23424,24512,24064,27200,FALSE
1459,227,251,333.8,23180.8,334,335,332,334,334,24192,24832,22016,22144,22720,FALSE
1461,227,261,342,21401.6,343,340,341,340,346,21632,21760,21888,20608,21120,FALSE
1463,227,259,331.6,21964.8,336,328,329,329,336,22400,23104,22592,20224,21504,FALSE
1465,227,251,451.6,22784,455,448,450,450,455,21568,22208,26816,21248,22080,FALSE
1467,225,251,260.4,23846.4,261,260,259,258,264,24448,23552,23616,24320,23296,FALSE
1469,227,255,303.8,21120,306,301,302,304,306,21952,21696,21248,19776,20928,FALSE
1471,225,261,881.6,21849.6,882,880,881,883,882,22720,21888,22912,20160,21568,FALSE
1473,227,255,260.8,21696,263,258,259,257,267,21760,21760,22080,22912,19968,FALSE
1475,227,257,342.8,23833.6,341,343,343,338,349,21440,20608,34688,20224,22208,FALSE
1477,225,263,565.4,24012.8,570,561,563,563,570,22336,25088,23296,24704,24640,FALSE
1479,227,253,270.6,22784,273,269,268,270,273,23296,21952,22912,23104,22656,FALSE
1481,223,257,245.8,22220.8,249,243,244,244,249,21120,25152,22272,20544,22016,FALSE
1483,225,257,1323.8,25036.8,1327,1321,1322,1322,1327,23616,27392,26688,20480,27008,FALSE
1485,227,257,310.8,24256,309,311,311,306,317,22208,21440,20544,27008,30080,FALSE
1487,225,255,739.2,23654.4,744,736,737,737,742,23936,24192,26880,20352,22912,FALSE
1489,225,261,177,23488,177,177,177,177,177,28608,23744,23232,20032,21824,FALSE
1491,225,253,107,21798.4,107,107,107,107,107,21632,22144,21568,20352,23296,FALSE
1493,219,335,281.6,25612.8,284,280,279,281,284,32960,24768,24512,21248,24576,FALSE
1495,223,261,165,22272,165,165,165,165,165,21696,22848,22528,21952,22336,FALSE
1497,223,257,307.8,25280,306,308,308,303,314,25728,21248,35968,20416,23040,FALSE
1499,227,253,190,21708.8,190,190,190,190,190,22208,21952,20864,20544,22976,FALSE
1501,223,267,266.8,21465.6,270,264,265,265,270,20480,21824,22976,21568,20480,FALSE
1503,227,249,284.2,24320,288,281,282,282,288,23936,26560,25024,19904,26176,FALSE
1505,225,259,284.4,21811.2,286,282,283,282,289,22080,22464,22592,19840,22080,FALSE
1507,229,261,312.8,22003.2,314,312,311,313,314,22336,22208,21056,20032,24384,FALSE
1509,229,259,276.4,21593.6,279,274,273,275,281,24832,22272,20416,18752,21696,FALSE
1511,229,259,269.6,21427.2,274,266,267,267,274,21952,22144,22016,20416,20608,FALSE
1513,225,261,319.4,23180.8,319,319,318,319,322,22080,25408,22016,21376,25024,FALSE
1515,229,257,352.4,22656,356,350,351,349,356,22464,22272,22272,23936,22336,FALSE
1517,225,259,345.2,20940.8,350,342,343,341,350,21440,21504,20928,19520,21312,FALSE
1519,225,259,319.4,21350.4,322,317,318,318,322,21568,22016,21312,19776,22080,FALSE
1521,221,271,263.6,22105.6,265,262,263,263,265,23104,20672,21504,23104,22144,FALSE
1523,221,261,2930.2,25011.2,2933,2928,2929,2929,2932,25792,25024,25600,18816,29824,FALSE
1525,229,255,379.4,22899.2,379,379,380,377,382,24000,22976,23744,20096,23680,FALSE
1527,225,263,2842.8,22464,2841,2844,2844,2844,2841,23104,23296,22400,20672,22848,FALSE
1529,221,291,297,23564.8,291,301,299,295,299,21760,32128,23296,18560,22080,FALSE
1531,223,257,402.8,24768,403,404,401,403,403,27584,24576,25600,20672,25408,FALSE
1533,233,257,336.8,21926.4,340,334,335,335,340,21824,21632,23680,19904,22592,FALSE
1535,233,253,310.8,22515.2,309,311,311,306,317,23232,23808,22784,19328,23424,FALSE
1537,229,255,220.8,21785.6,224,218,219,219,224,21824,22144,22080,20288,22592,FALSE
1539,229,257,393.2,22387.2,393,392,393,393,395,23232,21696,22848,21184,22976,FALSE
1541,225,259,269.6,25433.6,269,270,269,268,272,26880,25472,28608,21376,24832,FALSE
1543,229,257,312.2,22796.8,315,310,312,312,312,23616,23424,24256,19776,22912,FALSE
1545,229,253,331.2,22643.2,336,326,329,329,336,22848,21760,22336,20032,26240,FALSE
1547,225,255,280.2,24230.4,284,277,278,278,284,24256,26944,24320,22720,22912,FALSE
1549,225,257,663.4,21657.6,666,661,662,662,666,21376,22144,21184,20864,22720,FALSE
1551,221,279,298.2,26675.2,299,299,296,298,299,24256,36544,23232,24064,25280,FALSE
1553,225,257,301.2,25126.4,303,301,300,298,304,24000,22016,22912,22144,34560,FALSE
1555,229,253,327.4,21862.4,331,325,326,324,331,22144,22656,22080,21312,21120,FALSE
1557,225,257,287,25356.8,292,283,284,284,292,24512,28480,25408,23104,25280,FALSE
1559,225,263,407.8,21683.2,408,407,406,408,410,22528,22592,21952,19584,21760,FALSE
1561,225,255,327.2,21721.6,330,326,327,323,330,21952,22400,22720,19328,22208,FALSE
1563,221,281,367.6,24473.6,370,366,365,364,373,25728,25600,25600,20544,24896,FALSE
1565,223,263,2167.8,26265.6,2172,2165,2165,2165,2172,25280,25984,33280,21120,25664,FALSE
1567,227,257,344.2,23232,346,343,344,342,346,23680,26688,22848,20224,22720,FALSE
1569,227,253,370.2,21580.8,372,369,370,368,372,22400,21568,21696,20544,21696,FALSE
1571,227,255,2522.8,24627.2,2526,2520,2521,2521,2526,24960,26560,26240,20288,25088,FALSE
1573,227,257,389.4,23769.6,390,389,388,390,390,26176,30272,21760,20224,20416,FALSE
1575,227,253,2559.8,22425.6,2563,2557,2558,2558,2563,22848,24768,22592,19840,22080,FALSE
1577,219,335,245.2,24537.6,246,244,245,245,246,23616,21120,21888,21504,34560,FALSE
1579,221,259,314.8,23564.8,315,314,315,315,315,22656,22720,21888,24256,26304,FALSE
1581,223,255,271.4,26201.6,276,269,268,268,276,28416,26560,28096,19328,28608,FALSE
1583,233,257,264.2,21542.4,269,261,262,260,269,21952,21760,21440,21056,21504,FALSE
1585,229,261,250.6,22873.6,251,249,250,249,254,22400,21184,27136,19776,23872,FALSE
1587,225,271,285.2,21900.8,289,282,283,283,289,22080,22336,22976,20352,21760,FALSE
1589,225,269,432.6,23974.4,433,432,432,430,436,22080,22144,20800,32832,22016,FALSE
1591,227,261,1158,22080,1158,1156,1158,1157,1161,21888,25856,21632,19264,21760,FALSE
1593,225,255,243.6,24691.2,244,242,243,242,247,25024,24512,25408,23744,24768,FALSE
1595,229,259,251.6,21696,256,248,249,249,256,22784,21248,21952,20160,22336,FALSE
1597,227,259,261.8,24512,265,259,260,260,265,23040,33792,20992,23232,21504,FALSE
1599,229,257,362.8,22630.4,364,362,363,361,364,21248,21248,20800,19840,30016,FALSE
1601,227,257,1027.4,24371.2,1028,1027,1026,1025,1031,25408,27776,23872,21184,23616,FALSE
1603,225,269,995.8,23500.8,996,995,996,996,996,23040,25088,23680,22400,23296,FALSE
1605,229,257,268.2,23360,272,265,266,266,272,26752,23040,23872,19904,23232,FALSE
1607,225,263,808.2,22310.4,810,807,808,806,810,21056,22976,22656,23232,21632,FALSE
1609,225,261,283.8,21414.4,287,281,282,282,287,21376,21632,21696,21632,20736,FALSE
1611,227,257,820.2,21849.6,818,821,820,822,820,21376,20160,22016,20032,25664,FALSE
1613,221,297,226,22003.2,228,224,225,225,228,22720,23360,23680,17920,22336,FALSE
1615,227,257,723.4,20518.4,726,721,722,722,726,20864,21440,21184,18880,20224,FALSE
1617,229,257,405.4,32563.2,408,403,404,404,408,77824,21760,21696,19072,22464,FALSE
1619,221,293,347.2,33817.6,349,346,347,345,349,74304,22208,27712,21504,23360,FALSE
1621,225,255,345.4,29081.6,348,343,344,344,348,45824,22720,21568,20480,34816,FALSE
1623,221,293,266.6,29209.6,268,265,266,266,268,49280,28736,23936,20416,23680,FALSE
1625,223,255,263.4,29081.6,266,261,262,259,269,47168,26624,26112,18560,26944,FALSE
1627,227,265,357.8,24934.4,362,355,356,354,362,38656,22016,22848,18944,22208,FALSE
1629,229,261,400.8,22758.4,403,400,399,398,404,23488,22784,23680,20736,23104,FALSE
1631,229,253,296.6,23577.6,301,293,294,294,301,23104,23680,22464,25472,23168,FALSE
1633,225,265,338.6,23628.8,344,335,336,334,344,22656,26048,22912,20672,25856,FALSE
1635,225,267,255.8,27097.6,259,253,254,254,259,23040,24704,37440,25664,24640,FALSE
1637,227,263,282.6,21273.6,287,279,280,280,287,20992,21312,21888,20096,22080,FALSE
1639,229,255,348.2,23347.2,351,346,347,343,354,23808,23936,22976,21632,24384,FALSE
1641,229,253,298.8,24460.8,299,298,297,298,302,24256,31040,22848,21440,22720,FALSE
1643,229,255,305.2,21990.4,310,302,303,301,310,23040,22464,22464,19904,22080,FALSE
1645,225,267,357.8,22003.2,362,355,356,354,362,22080,21184,21824,24064,20864,FALSE
1647,223,269,254.8,25228.8,258,252,253,253,258,26880,23424,23680,29504,22656,FALSE
1649,227,263,290,22028.8,290,290,290,290,290,22400,22464,22208,20992,22080,FALSE
1651,225,261,305.2,22592,310,300,303,303,310,25024,23168,22592,20480,21696,FALSE
1653,225,271,147,21811.2,147,147,147,147,147,21632,20736,21632,22912,22144,FALSE
1655,227,251,281,24742.4,282,279,280,279,285,23552,26816,24320,22336,26688,FALSE
1657,227,255,392.6,23334.4,394,391,392,389,397,21056,22464,31360,20032,21760,FALSE
1659,223,267,320.8,23180.8,324,318,319,319,324,22912,23552,24704,21504,23232,FALSE
1661,225,261,387.6,22054.4,392,384,385,385,392,22848,22336,22400,19968,22720,FALSE
1663,226,252,330.2,23308.8,334,327,328,328,334,22400,22592,26048,23488,22016,FALSE
1665,222,272,241,24128,246,237,238,238,246,24832,25728,25984,20288,23808,FALSE
1667,224,262,296.4,24819.2,298,294,295,294,301,23232,22848,22912,19520,35584,FALSE
1669,222,276,326.4,25036.8,331,322,323,325,331,28736,26688,24640,19008,26112,FALSE
1671,226,258,362,24038.4,366,360,359,361,364,24128,25728,26048,19328,24960,FALSE
1673,222,274,2743,24998.4,2747,2739,2742,2740,2747,23936,27072,26176,22208,25600,FALSE
1675,222,260,309.6,25728,312,309,307,305,315,26624,26816,27008,21888,26304,FALSE
1677,228,260,166,22041.6,166,166,166,166,166,20352,25728,21760,20416,21952,FALSE
1679,226,264,262.2,20544,266,259,260,260,266,21248,21760,20480,18240,20992,FALSE
1681,226,264,332.8,20697.6,331,333,333,328,339,21184,21376,21696,19520,19712,FALSE
1683,228,254,268.8,21875.2,272,266,267,267,272,22080,22784,22848,19712,21952,FALSE
1685,224,256,357.4,24409.6,361,355,354,356,361,21568,20672,25984,31424,22400,FALSE
1687,222,300,847.6,22732.8,850,846,845,847,850,23232,22400,21568,20736,25728,FALSE
1689,226,254,195.8,23411.2,199,193,194,194,199,22720,25088,24384,19520,25344,FALSE
1691,224,258,333.2,23462.4,336,330,331,333,336,26816,20736,22592,24576,22592,FALSE
1693,224,270,272.8,23334.4,273,272,273,273,273,33472,20544,21952,19648,21056,FALSE
1695,224,270,272.6,21324.8,277,269,270,270,277,21504,21824,22144,18304,22848,FALSE
1697,224,266,280.6,24332.8,282,279,280,280,282,24576,26880,25472,18560,26176,FALSE
1699,228,260,329,22195.2,331,327,328,328,331,22080,24832,21888,20096,22080,FALSE
1701,224,270,114.8,21004.8,113,116,116,116,113,21120,21120,22080,18944,21760,FALSE
1703,222,276,219.6,23488,221,218,219,219,221,24000,24064,24128,21440,23808,FALSE
1705,224,258,296.8,23859.2,294,298,297,298,297,20928,22080,21376,33088,21824,FALSE
1707,226,254,201.8,24755.2,200,203,203,203,200,23744,26752,26688,19904,26688,FALSE
1709,222,270,265.4,22016,268,263,264,264,268,23360,20480,23168,19904,23168,FALSE
1711,222,268,349.2,21414.4,349,349,349,347,352,21312,20928,22912,19648,22272,FALSE
1713,222,262,261.6,22528,263,260,261,261,263,23488,22272,23232,20608,23040,FALSE
1715,224,256,240.4,21056,243,238,239,239,243,21056,22144,20736,19392,21952,FALSE
1717,228,256,336,23923.2,339,332,335,335,339,31616,21248,26112,19776,20864,FALSE
1719,226,262,311.8,22323.2,315,309,310,310,315,20544,21888,19968,25216,24000,FALSE
1721,224,256,298.8,22016,302,296,297,297,302,23488,26048,19776,19840,20928,FALSE
1723,224,258,2750.4,20288,2753,2748,2749,2749,2753,20288,20352,20544,19328,20928,FALSE
1725,226,254,279,21849.6,281,277,278,278,281,24576,21504,21312,19904,21952,FALSE
1727,226,250,2716.8,24768,2720,2714,2715,2715,2720,27968,24192,24512,22976,24192,FALSE
1729,228,258,316.6,25177.6,317,316,316,314,320,26880,27904,25856,18880,26368,FALSE
1731,228,260,255.4,24832,253,259,255,257,253,21952,34880,22656,22656,22016,FALSE
1733,228,262,145.2,24486.4,144,146,146,146,144,22144,21760,22528,20928,35072,FALSE
1735,224,276,276.8,22259.2,280,274,275,275,280,21952,24512,22336,19456,23040,FALSE
1737,228,258,284.2,21875.2,283,285,285,285,283,22272,22784,22016,19904,22400,FALSE
1739,226,258,185,23257.6,185,185,185,185,185,24256,22272,25344,21760,22656,FALSE
1741,224,256,279.8,26508.8,283,277,278,278,283,22016,21888,41216,20224,27200,FALSE
1743,228,260,247.6,24012.8,252,244,245,245,252,33664,22912,21632,19840,22016,FALSE
1745,224,264,179,21478.4,179,179,179,179,179,22016,22272,22528,19712,20864,FALSE
1747,224,252,226,23654.4,231,222,223,223,231,22720,25664,25728,19840,24320,FALSE
1749,224,262,350.6,22784,355,347,348,348,355,22272,23040,26688,20352,21568,FALSE
1751,226,248,171,22336,168,173,173,173,168,22848,23232,22976,20736,21888,FALSE
1753,222,264,231,27020.8,233,229,230,230,233,27520,32512,27328,19136,28608,FALSE
1755,226,260,301.2,21516.8,306,298,299,297,306,22016,23360,21888,19072,21248,FALSE
1757,226,262,329.8,23705.6,333,327,328,328,333,22720,23808,24832,22784,24384,FALSE
1759,228,260,807,21888,808,807,806,806,808,21120,22400,22016,22336,21568,FALSE
1761,226,254,314.8,23001.6,317,312,313,315,317,26752,22464,23552,18176,24064,FALSE
1763,224,274,417.6,22668.8,420,414,417,417,420,21760,22720,21696,20160,27008,FALSE
1765,224,268,257.4,24089.6,260,255,256,256,260,22656,25472,24960,21824,25536,FALSE
1767,226,262,307.6,21708.8,313,302,305,305,313,21184,21376,22080,23168,20736,FALSE
1769,224,256,477.6,24755.2,482,474,475,475,482,24128,24448,26624,21248,27328,FALSE
1771,224,272,274,24793.6,279,270,271,271,279,24768,26304,26624,20032,26240,FALSE
1773,228,256,422.2,24614.4,424,419,422,422,424,24384,25728,26880,20544,25536,FALSE
1775,224,268,2798.8,24665.6,2797,2800,2800,2800,2797,22656,29120,26176,20672,24704,FALSE
1777,222,260,249.6,23078.4,254,246,247,247,254,22720,23168,23488,21824,24192,FALSE
1779,226,262,321.8,21798.4,325,319,320,320,325,22720,21376,22144,20352,22400,FALSE
1781,222,272,352.8,24358.4,353,352,351,350,358,24768,26048,24832,19968,26176,FALSE
1783,228,254,281.4,27942.4,284,280,280,281,282,26496,25984,30208,31104,25920,FALSE
1785,230,256,379.2,25113.6,382,376,377,379,382,23936,25984,24704,24320,26624,FALSE
1787,226,254,3033,23462.4,3035,3031,3033,3031,3035,24128,24832,24768,19392,24192,FALSE
1789,220,288,256.8,23782.4,260,254,255,255,260,25856,23168,23040,23040,23808,FALSE
1791,224,262,253.6,22195.2,258,250,251,251,258,23488,23232,23040,18816,22400,FALSE
1793,224,256,283,23500.8,286,281,280,282,286,24832,20160,33024,20288,19200,FALSE
1795,222,256,2793.2,22732.8,2797,2790,2791,2791,2797,21760,22272,26240,23360,20032,FALSE
1797,222,256,295.8,23232,296,295,296,293,299,26304,23552,23936,18560,23808,FALSE
1799,222,262,187,20211.2,187,187,187,187,187,20544,20288,19328,20160,20736,FALSE
1801,222,262,283.2,25715.2,288,279,281,281,287,25472,23232,24448,30528,24896,FALSE
1803,226,260,315.2,24934.4,316,314,313,314,319,25152,25664,25024,23232,25600,FALSE
1805,226,250,335.6,24588.8,338,334,335,333,338,23744,26240,26624,19968,26368,FALSE
1807,222,264,151,28160,151,151,151,151,151,21248,22528,50752,21952,24320,FALSE
1809,224,248,278,36121.6,280,278,275,277,280,26112,31104,76672,19520,27200,FALSE
1811,230,258,369.4,26150.4,369,369,370,367,372,35328,22144,29952,21120,22208,FALSE
1813,234,254,327.2,26918.4,332,324,325,323,332,22528,21696,47296,22720,20352,FALSE
1815,226,262,321.6,28275.2,326,318,319,319,326,21888,23488,52288,21248,22464,FALSE
1817,224,264,363.6,22105.6,368,360,361,361,368,20992,21888,22784,20096,24768,FALSE
1819,230,254,284.4,21158.4,282,285,285,279,291,21376,20928,21696,20160,21632,FALSE
1821,226,254,275.2,24384,279,272,273,273,279,23232,22848,22464,29440,23936,FALSE
1823,226,264,295.2,21593.6,300,290,293,293,300,22016,22080,21760,19264,22848,FALSE
1825,226,254,664.6,21504,667,663,662,664,667,22144,20160,21056,21824,22336,FALSE
1827,222,276,439.2,25356.8,442,437,437,435,445,26752,24768,29184,20288,25792,FALSE
1829,222,268,353,22041.6,357,351,350,350,357,22528,23232,23360,19392,21696,FALSE
1831,230,254,169,23296,169,169,169,169,169,23168,27456,23872,19712,22272,FALSE
1833,222,262,275,24832,277,275,272,274,277,25216,25728,26368,20352,26496,FALSE
1835,226,258,340.4,22169.6,338,341,341,335,347,22464,22912,22784,20352,22336,FALSE
1837,230,254,323,23552,325,323,320,322,325,21696,21248,33600,19904,21312,FALSE
1839,226,256,290,24038.4,295,286,287,287,295,23232,24896,25344,18688,28032,FALSE
1841,226,260,231,22579.2,231,231,231,231,231,23232,23808,22464,20288,23104,FALSE
1843,222,270,2983.4,23513.6,2986,2981,2981,2983,2986,22528,24512,24384,22656,23488,FALSE
1845,222,252,811.6,22348.8,816,808,809,809,816,23936,22592,21888,19968,23360,FALSE
1847,224,256,268.4,23360,264,271,271,264,272,26304,23680,23168,19712,23936,FALSE
1849,224,252,2856.4,22220.8,2859,2854,2855,2853,2861,25536,21248,21504,20224,22592,FALSE
1851,222,252,306,23936,311,302,303,303,311,25792,25024,27008,18816,23040,FALSE
1853,224,258,2946,22566.4,2948,2945,2945,2941,2951,22784,25984,22016,19840,22208,FALSE
1855,220,278,294.8,24409.6,299,290,293,293,299,27008,24576,25216,19584,25664,FALSE
1857,226,260,303.4,21939.2,305,302,302,300,308,22464,21248,22144,20992,22848,FALSE
1859,228,252,320,24844.8,325,316,317,317,325,24896,21696,20736,35264,21632,FALSE
1861,217,431,389.4,28646.4,394,386,387,387,393,26304,26368,37760,22208,30592,FALSE
1863,224,260,2877.6,21964.8,2882,2874,2875,2875,2882,22080,20544,22144,22272,22784,FALSE
1865,222,254,351.4,23936,355,347,350,350,355,26496,26496,23104,20736,22848,FALSE
1867,222,262,305,21888,309,303,302,302,309,23808,22592,21952,19520,21568,FALSE
1869,222,264,292.2,21248,296,289,290,290,296,22208,21824,21184,18240,22784,FALSE
1871,222,256,1875.6,21888,1880,1872,1873,1873,1880,22464,21120,20288,23872,21696,FALSE
1873,222,262,247.2,21132.8,246,250,246,248,246,22784,20608,20928,18240,23104,FALSE
1875,222,260,426.4,22297.6,431,424,423,423,431,24448,22464,22272,20160,22144,FALSE
1877,224,254,284.6,21632,289,281,282,282,289,22464,20416,22528,19968,22784,FALSE
1879,220,260,375.6,21401.6,379,374,373,370,382,22656,22208,22528,18368,21248,FALSE
1881,217,431,361.6,24089.6,366,358,359,359,366,24960,24384,22784,25088,23232,FALSE
1883,220,270,371.2,23219.2,375,368,369,369,375,22080,22720,20800,28160,22336,FALSE
1885,222,254,268.6,23833.6,273,265,266,266,273,22080,21632,33920,20096,21440,FALSE
1887,220,258,204,22169.6,204,204,204,204,204,22784,22720,23424,19200,22720,FALSE

